{
  "patient": "chb07",
  "model": "SPDNet_v2",
  "device": "cuda",
  "model_params": {
    "n_channels": 21,
    "n_classes": 2,
    "subspacedim": 8,
    "reference": "spd_learn SPDNet \u2014 Huang & Van Gool (AAAI 2017), input_type=raw, subspacedim=8"
  },
  "train_params": {
    "optimizer": "Adam",
    "lr": 0.001,
    "weight_decay": 0.0,
    "loss": "CrossEntropyLoss",
    "epochs": 500,
    "patience": 30,
    "batch_size": 32,
    "train_split": 0.8,
    "val_split_final": 0.9,
    "cv_folds": 5,
    "cv_strategy": "StratifiedKFold",
    "scoring": "balanced_accuracy",
    "seed": 42
  },
  "n_params": 242,
  "n_train": 1170,
  "n_val": 130,
  "n_test": 325,
  "n_ictal_train": 237,
  "n_ictal_val": 23,
  "n_ictal_test": 65,
  "cv_scores": [
    0.9784,
    0.9495,
    0.9904,
    0.9255,
    0.9928
  ],
  "cv_mean": 0.9673,
  "cv_std": 0.026,
  "train_loss_history": [
    0.60694,
    0.312796,
    0.228714,
    0.193883,
    0.172195,
    0.158697,
    0.145419,
    0.137822,
    0.12956,
    0.123026,
    0.116548,
    0.111442,
    0.109785,
    0.105097,
    0.101144,
    0.097203,
    0.095411,
    0.093395,
    0.091911,
    0.091004,
    0.08685,
    0.08375,
    0.083157,
    0.080421,
    0.081489,
    0.077763,
    0.076424,
    0.078629,
    0.074771,
    0.072782,
    0.071577,
    0.070488,
    0.069092,
    0.068575,
    0.067286,
    0.066145,
    0.065209,
    0.0656,
    0.06382,
    0.062518,
    0.061309,
    0.060743,
    0.060295,
    0.059244,
    0.058031,
    0.058177,
    0.056387,
    0.056566,
    0.055186,
    0.054215,
    0.053997,
    0.053793,
    0.053652,
    0.051782,
    0.051252,
    0.051437,
    0.051516,
    0.049978,
    0.048736,
    0.047972,
    0.047612,
    0.046882,
    0.046871,
    0.045573,
    0.045234,
    0.04532,
    0.044137,
    0.043506,
    0.043571,
    0.043213,
    0.044778,
    0.041887,
    0.041427,
    0.041583,
    0.041516,
    0.039733,
    0.040126,
    0.040367,
    0.039817,
    0.04052,
    0.038784,
    0.037659,
    0.037455,
    0.036967,
    0.036283,
    0.036044,
    0.036123,
    0.035862,
    0.036837,
    0.034367,
    0.034281,
    0.03442,
    0.034229,
    0.03317,
    0.032987,
    0.033123,
    0.032166,
    0.031953,
    0.031417,
    0.03158,
    0.03096,
    0.030401,
    0.03067,
    0.030768,
    0.02919,
    0.029765,
    0.029018,
    0.029163,
    0.028184,
    0.028016,
    0.028025,
    0.027462,
    0.026902,
    0.027611,
    0.027255,
    0.026905,
    0.02625,
    0.025663,
    0.025614,
    0.025273,
    0.025211,
    0.024668,
    0.02459,
    0.024772,
    0.023979,
    0.023884,
    0.024474,
    0.022933,
    0.023481
  ],
  "val_loss_history": [
    0.388121,
    0.242803,
    0.189351,
    0.161881,
    0.144168,
    0.132892,
    0.124395,
    0.116853,
    0.111293,
    0.107036,
    0.102277,
    0.098488,
    0.095713,
    0.093323,
    0.090614,
    0.087818,
    0.085542,
    0.083696,
    0.081698,
    0.081051,
    0.081372,
    0.07657,
    0.076101,
    0.074514,
    0.070951,
    0.072275,
    0.070524,
    0.066963,
    0.070405,
    0.065778,
    0.066041,
    0.064997,
    0.064197,
    0.063471,
    0.062078,
    0.061845,
    0.061431,
    0.059371,
    0.060193,
    0.059038,
    0.057456,
    0.057324,
    0.05732,
    0.055814,
    0.056707,
    0.055521,
    0.05381,
    0.052986,
    0.052005,
    0.052893,
    0.05192,
    0.052005,
    0.052938,
    0.051059,
    0.051237,
    0.05036,
    0.050589,
    0.050974,
    0.049259,
    0.049896,
    0.048953,
    0.048139,
    0.048176,
    0.047597,
    0.047337,
    0.048721,
    0.047872,
    0.047714,
    0.046331,
    0.046702,
    0.048311,
    0.046159,
    0.045955,
    0.046667,
    0.04725,
    0.04636,
    0.046449,
    0.045633,
    0.045913,
    0.045174,
    0.04595,
    0.045243,
    0.045272,
    0.045355,
    0.044604,
    0.044637,
    0.04468,
    0.044775,
    0.044235,
    0.045849,
    0.043439,
    0.043691,
    0.045236,
    0.044721,
    0.044611,
    0.044523,
    0.044895,
    0.04479,
    0.043208,
    0.044768,
    0.044162,
    0.044416,
    0.044797,
    0.044526,
    0.043969,
    0.043641,
    0.044569,
    0.045619,
    0.0452,
    0.045393,
    0.04396,
    0.045866,
    0.044968,
    0.044513,
    0.045396,
    0.04406,
    0.044735,
    0.044936,
    0.045216,
    0.04557,
    0.044913,
    0.044909,
    0.045279,
    0.045722,
    0.045875,
    0.046474,
    0.047792,
    0.046657,
    0.047239
  ],
  "best_val_loss": 0.043208,
  "stopped_epoch": 129,
  "test_bAcc": 0.9923,
  "sensitivity": 1.0,
  "specificity": 0.9846
}