{
  "patient": "chb06",
  "model": "SPDNet_classic",
  "device": "cuda",
  "model_params": {
    "n_channels": 21,
    "n_classes": 2,
    "init_shrinkage": 0.1,
    "bimap1_out": 10,
    "bimap2_out": 5,
    "bimap3_out": 2,
    "tangent_dim": 3,
    "architecture": "CovLayer \u2192 Shrinkage \u2192 BiMap \u2192 ReEig \u2192 BiMap \u2192 ReEig \u2192 BiMap \u2192 ReEig \u2192 LogEig \u2192 Linear",
    "reference": "Huang & Van Gool (AAAI 2017)"
  },
  "train_params": {
    "optimizer": "Adam",
    "lr": 0.001,
    "weight_decay": 0.0,
    "loss": "CrossEntropyLoss",
    "epochs": 500,
    "patience": 25,
    "batch_size": 32,
    "train_split": 0.8,
    "val_split_final": 0.9,
    "cv_folds": 5,
    "cv_strategy": "StratifiedKFold",
    "scoring": "balanced_accuracy",
    "seed": 42
  },
  "n_params": 278,
  "n_train": 550,
  "n_val": 62,
  "n_test": 153,
  "n_ictal_train": 109,
  "n_ictal_val": 13,
  "n_ictal_test": 31,
  "cv_scores": [
    0.8349,
    0.6996,
    0.8231,
    0.8231,
    0.7819
  ],
  "cv_mean": 0.7925,
  "cv_std": 0.0498,
  "train_loss_history": [
    0.93424,
    0.820018,
    0.73244,
    0.673975,
    0.640552,
    0.613418,
    0.602196,
    0.585206,
    0.55851,
    0.546352,
    0.53768,
    0.519548,
    0.525176,
    0.503552,
    0.504183,
    0.502471,
    0.488293,
    0.476124,
    0.459187,
    0.467978,
    0.463435,
    0.445029,
    0.446624,
    0.447203,
    0.433002,
    0.437978,
    0.432929,
    0.427655,
    0.436101,
    0.425629,
    0.419188,
    0.41877,
    0.420606,
    0.420558,
    0.40141,
    0.403192,
    0.400614,
    0.408771,
    0.405294,
    0.399231,
    0.412045,
    0.396538,
    0.385621,
    0.384195,
    0.377762,
    0.375935,
    0.381292,
    0.372991,
    0.386084,
    0.370814,
    0.372049,
    0.38089,
    0.369203,
    0.376749,
    0.378287,
    0.379571,
    0.363886,
    0.366288,
    0.369656,
    0.357199,
    0.369832,
    0.367659,
    0.359637,
    0.362975,
    0.360193,
    0.358016,
    0.351389,
    0.346095,
    0.348859,
    0.355587,
    0.357238,
    0.346472,
    0.349881,
    0.363666,
    0.343408,
    0.354968,
    0.351276,
    0.349573,
    0.341638,
    0.339428,
    0.352207,
    0.338068,
    0.351324,
    0.351865,
    0.342745,
    0.337331,
    0.348781,
    0.338417,
    0.340866,
    0.337265,
    0.333033,
    0.328678,
    0.327577,
    0.339412,
    0.341093,
    0.34132,
    0.336764,
    0.332959,
    0.335954,
    0.323409,
    0.33186,
    0.326123,
    0.3288,
    0.334797,
    0.348133,
    0.320568,
    0.32182,
    0.334591,
    0.328529,
    0.334184,
    0.325217,
    0.315335,
    0.316703,
    0.328025,
    0.328952,
    0.329467,
    0.336905,
    0.320997,
    0.312824,
    0.314004,
    0.315596,
    0.311718,
    0.326282,
    0.321838,
    0.327015,
    0.313226,
    0.322619,
    0.311426,
    0.310546,
    0.332948,
    0.309329,
    0.313721,
    0.318214,
    0.322497,
    0.316424,
    0.318442,
    0.30701,
    0.301403,
    0.303365,
    0.31361,
    0.3023,
    0.312272,
    0.31666,
    0.306365,
    0.312455,
    0.314916,
    0.306331,
    0.301464,
    0.301657,
    0.303245,
    0.308159,
    0.2996,
    0.32668,
    0.323396,
    0.309541,
    0.316119,
    0.294675,
    0.320812,
    0.300767,
    0.305122,
    0.297605,
    0.298912,
    0.304021,
    0.294344,
    0.302636,
    0.289935,
    0.299174,
    0.291924,
    0.290451,
    0.303885,
    0.295275,
    0.312184,
    0.302854,
    0.301724,
    0.294083,
    0.2875,
    0.300597,
    0.293022,
    0.287967,
    0.284376,
    0.28886,
    0.286989,
    0.29151,
    0.307634,
    0.303991,
    0.297285,
    0.302915,
    0.296815,
    0.281508,
    0.281749,
    0.316273,
    0.296384,
    0.284156,
    0.281575,
    0.287741,
    0.293673,
    0.282749,
    0.284282,
    0.275087,
    0.296744,
    0.283882,
    0.280808,
    0.284763,
    0.293988,
    0.275571,
    0.283294,
    0.284059,
    0.296064,
    0.271453,
    0.27109,
    0.280476,
    0.284033,
    0.281768,
    0.278127,
    0.27598,
    0.278311,
    0.276332,
    0.270834,
    0.292583,
    0.285138,
    0.279434,
    0.273062,
    0.28846,
    0.293075,
    0.270586,
    0.296008,
    0.268643,
    0.288286,
    0.272078,
    0.272606,
    0.273399,
    0.278651,
    0.294389,
    0.280229,
    0.274977,
    0.27099,
    0.263724,
    0.262173,
    0.277652,
    0.268024,
    0.265846,
    0.268052,
    0.267588,
    0.263848,
    0.293895,
    0.263303,
    0.262565,
    0.268205,
    0.273752,
    0.285076,
    0.269336,
    0.267115,
    0.260633,
    0.267463,
    0.275089,
    0.262943,
    0.260244,
    0.261425,
    0.265556,
    0.26094,
    0.253883,
    0.267712,
    0.266932,
    0.260512,
    0.256993,
    0.268076,
    0.265305,
    0.264187,
    0.257949,
    0.280422,
    0.263071,
    0.259652,
    0.259549,
    0.252565,
    0.253812,
    0.291101,
    0.264175,
    0.255938,
    0.262863,
    0.250108,
    0.255416,
    0.263475,
    0.254684,
    0.255195,
    0.259572,
    0.275345,
    0.258031,
    0.26987,
    0.255753,
    0.253995,
    0.255007,
    0.24936,
    0.250365,
    0.247254,
    0.245623,
    0.259178,
    0.251766,
    0.25183,
    0.247664,
    0.249817,
    0.251369,
    0.251344,
    0.249375,
    0.246716,
    0.260828,
    0.24115,
    0.259351,
    0.242975,
    0.243722,
    0.248409,
    0.247065,
    0.254567,
    0.247595,
    0.250924,
    0.25477,
    0.245256,
    0.240109,
    0.24494,
    0.241329,
    0.239073,
    0.235954,
    0.246241,
    0.23841,
    0.253297,
    0.240115,
    0.244944,
    0.243554,
    0.236939,
    0.240297,
    0.241356,
    0.240371,
    0.240767,
    0.241856,
    0.236951,
    0.243716,
    0.246692,
    0.241761,
    0.239492,
    0.236918,
    0.238473,
    0.236471,
    0.234207,
    0.233387,
    0.234128,
    0.24788,
    0.253085,
    0.241814,
    0.250937,
    0.232848,
    0.234115,
    0.236026,
    0.242836,
    0.243316,
    0.23662,
    0.238557,
    0.234109,
    0.230254,
    0.23214,
    0.238121,
    0.244688,
    0.23116,
    0.234682,
    0.240992,
    0.23581,
    0.251536,
    0.2317,
    0.224731,
    0.23297,
    0.225056,
    0.240163,
    0.242194,
    0.236009,
    0.22823,
    0.229591,
    0.22652,
    0.227918,
    0.226527,
    0.235724,
    0.226554,
    0.224572,
    0.226315,
    0.242999,
    0.224037,
    0.228333,
    0.235019,
    0.229865,
    0.223726,
    0.229993,
    0.232912,
    0.251178
  ],