{
  "patient": "chb09",
  "model": "SPDNet_v2",
  "device": "cuda",
  "model_params": {
    "n_channels": 21,
    "n_classes": 2,
    "subspacedim": 8,
    "reference": "spd_learn SPDNet \u2014 Huang & Van Gool (AAAI 2017), input_type=raw, subspacedim=8"
  },
  "train_params": {
    "optimizer": "Adam",
    "lr": 0.001,
    "weight_decay": 0.0,
    "loss": "CrossEntropyLoss",
    "epochs": 500,
    "patience": 30,
    "batch_size": 32,
    "train_split": 0.8,
    "val_split_final": 0.9,
    "cv_folds": 5,
    "cv_strategy": "StratifiedKFold",
    "scoring": "balanced_accuracy",
    "seed": 42
  },
  "n_params": 242,
  "n_train": 993,
  "n_val": 111,
  "n_test": 276,
  "n_ictal_train": 193,
  "n_ictal_val": 28,
  "n_ictal_test": 55,
  "cv_scores": [
    0.9744,
    0.9233,
    0.9603,
    0.9749,
    0.9574
  ],
  "cv_mean": 0.9581,
  "cv_std": 0.0188,
  "train_loss_history": [
    0.521382,
    0.325352,
    0.272483,
    0.258176,
    0.222569,
    0.210758,
    0.205845,
    0.192185,
    0.184681,
    0.216246,
    0.189604,
    0.166711,
    0.167306,
    0.155288,
    0.150931,
    0.147688,
    0.141106,
    0.137184,
    0.1336,
    0.12952,
    0.126402,
    0.123224,
    0.120874,
    0.118077,
    0.13275,
    0.114462,
    0.10957,
    0.107193,
    0.104545,
    0.102529,
    0.106203,
    0.098462,
    0.111298,
    0.096168,
    0.103454,
    0.091539,
    0.089517,
    0.087879,
    0.086704,
    0.085046,
    0.084048,
    0.081828,
    0.080556,
    0.079201,
    0.077931,
    0.077278,
    0.075321,
    0.074453,
    0.072957,
    0.072486,
    0.070577,
    0.112492,
    0.072773,
    0.074733,
    0.067691,
    0.066464,
    0.067615,
    0.069623,
    0.064505,
    0.062654,
    0.085493,
    0.061685,
    0.06048,
    0.059227,
    0.060022,
    0.057832,
    0.056911,
    0.055956,
    0.05538,
    0.054766,
    0.05437,
    0.053246,
    0.052439,
    0.051816,
    0.059955,
    0.051752,
    0.05079,
    0.055937,
    0.04917,
    0.048433,
    0.047619,
    0.047037,
    0.046393,
    0.046021,
    0.048264,
    0.045096,
    0.045441,
    0.043526,
    0.043061,
    0.043553,
    0.042311,
    0.050332,
    0.041332,
    0.041536,
    0.040647,
    0.039567,
    0.038939,
    0.054621,
    0.039935,
    0.038754,
    0.037347,
    0.036766,
    0.037015,
    0.036001
  ],
  "val_loss_history": [
    0.410368,
    0.322875,
    0.28861,
    0.2724,
    0.260535,
    0.251433,
    0.243635,
    0.236206,
    0.228244,
    0.222234,
    0.215676,
    0.209593,
    0.204032,
    0.199033,
    0.194045,
    0.189336,
    0.184858,
    0.180282,
    0.176671,
    0.173215,
    0.16996,
    0.167612,
    0.164605,
    0.161813,
    0.159509,
    0.158571,
    0.157013,
    0.154245,
    0.151993,
    0.150391,
    0.148836,
    0.146954,
    0.145508,
    0.145754,
    0.144766,
    0.141482,
    0.140674,
    0.139545,
    0.139363,
    0.138186,
    0.137284,
    0.136085,
    0.135412,
    0.135379,
    0.134533,
    0.134637,
    0.133328,
    0.133173,
    0.132883,
    0.132225,
    0.132061,
    0.13183,
    0.141277,
    0.136441,
    0.134694,
    0.133468,
    0.13295,
    0.130919,
    0.130263,
    0.128268,
    0.129317,
    0.128693,
    0.12847,
    0.128489,
    0.128881,
    0.129452,
    0.128334,
    0.129175,
    0.129097,
    0.128874,
    0.128794,
    0.12886,
    0.128124,
    0.127867,
    0.128461,
    0.131247,
    0.129423,
    0.1301,
    0.131283,
    0.131713,
    0.13079,
    0.130232,
    0.129767,
    0.129172,
    0.130197,
    0.135291,
    0.133254,
    0.132123,
    0.13124,
    0.13185,
    0.130728,
    0.129495,
    0.132349,
    0.132277,
    0.132059,
    0.132236,
    0.130956,
    0.131914,
    0.130429,
    0.129582,
    0.129944,
    0.129917,
    0.130547,
    0.129493
  ],
  "best_val_loss": 0.127867,
  "stopped_epoch": 104,
  "test_bAcc": 0.9478,
  "sensitivity": 0.9091,
  "specificity": 0.9864
}