{
  "patient": "chb02",
  "model": "SPDNet_classic",
  "device": "cuda",
  "model_params": {
    "n_channels": 21,
    "n_classes": 2,
    "init_shrinkage": 0.1,
    "bimap1_out": 10,
    "bimap2_out": 5,
    "bimap3_out": 2,
    "tangent_dim": 3,
    "architecture": "CovLayer \u2192 Shrinkage \u2192 BiMap \u2192 ReEig \u2192 BiMap \u2192 ReEig \u2192 BiMap \u2192 ReEig \u2192 LogEig \u2192 Linear",
    "reference": "Huang & Van Gool (AAAI 2017)"
  },
  "train_params": {
    "optimizer": "Adam",
    "lr": 0.001,
    "weight_decay": 0.0,
    "loss": "CrossEntropyLoss",
    "epochs": 500,
    "patience": 25,
    "batch_size": 32,
    "train_split": 0.8,
    "val_split_final": 0.9,
    "cv_folds": 5,
    "cv_strategy": "StratifiedKFold",
    "scoring": "balanced_accuracy",
    "seed": 42
  },
  "n_params": 278,
  "n_train": 619,
  "n_val": 69,
  "n_test": 172,
  "n_ictal_train": 126,
  "n_ictal_val": 12,
  "n_ictal_test": 34,
  "cv_scores": [
    0.9909,
    0.9373,
    0.9597,
    0.9955,
    0.9444
  ],
  "cv_mean": 0.9656,
  "cv_std": 0.0237,
  "train_loss_history": [
    0.632718,
    0.551591,
    0.504481,
    0.478673,
    0.454558,
    0.436604,
    0.42014,
    0.40742,
    0.393374,
    0.383061,
    0.369095,
    0.360983,
    0.353112,
    0.344128,
    0.338909,
    0.331684,
    0.324821,
    0.313924,
    0.306646,
    0.303819,
    0.294591,
    0.291859,
    0.286779,
    0.281479,
    0.284848,
    0.279648,
    0.272346,
    0.267995,
    0.266823,
    0.257146,
    0.253273,
    0.254558,
    0.246576,
    0.243679,
    0.240903,
    0.238143,
    0.233805,
    0.237403,
    0.227798,
    0.224487,
    0.222426,
    0.221311,
    0.217459,
    0.213919,
    0.215128,
    0.21421,
    0.211013,
    0.207972,
    0.20462,
    0.203054,
    0.200611,
    0.198367,
    0.197742,
    0.196308,
    0.19127,
    0.192704,
    0.191295,
    0.187326,
    0.188369,
    0.191994,
    0.181644,
    0.179964,
    0.178536,
    0.177526,
    0.175846,
    0.175068,
    0.175646,
    0.174407,
    0.171801,
    0.169503,
    0.168999,
    0.164419,
    0.166334,
    0.16868,
    0.162897,
    0.161749,
    0.158869,
    0.16067,
    0.159327,
    0.160007,
    0.160127,
    0.153459,
    0.154344,
    0.15173,
    0.157574,
    0.154808,
    0.155033,
    0.150444,
    0.146234,
    0.145614,
    0.146547,
    0.142521,
    0.14525,
    0.150241,
    0.142411,
    0.140765,
    0.138306,
    0.140208,
    0.14641,
    0.139568,
    0.137043,
    0.13478,
    0.134906,
    0.135679,
    0.135964,
    0.132774,
    0.134135,
    0.130242,
    0.129204,
    0.128595,
    0.131784,
    0.129289,
    0.130778,
    0.130716,
    0.127601,
    0.127644,
    0.128308,
    0.123557,
    0.124873,
    0.126574,
    0.127461,
    0.123238,
    0.120205,
    0.120172,
    0.124616,
    0.126899,
    0.119134,
    0.118313,
    0.120241,
    0.116895,
    0.118563,
    0.119507,
    0.118053,
    0.117244,
    0.114953,
    0.112826,
    0.1135,
    0.11647,
    0.11283,
    0.11305,
    0.11293,
    0.116265,
    0.111855,
    0.110017,
    0.113565,
    0.108282,
    0.107362,
    0.108548,
    0.110916,
    0.110124,
    0.106779,
    0.109897,
    0.107546,
    0.105296,
    0.104326,
    0.104679,
    0.10582,
    0.105684,
    0.105169,
    0.103112,
    0.101008,
    0.101749,
    0.099267,
    0.100393,
    0.103199,
    0.102605,
    0.101556,
    0.098958,
    0.098932,
    0.098126,
    0.098441,
    0.09673,
    0.09827,
    0.098491,
    0.096823,
    0.095782,
    0.09469,
    0.096497,
    0.094135,
    0.094409,
    0.095767,
    0.098664,
    0.093114,
    0.091637,
    0.09156,
    0.093826,
    0.092866,
    0.091375,
    0.090824,
    0.091676,
    0.093399,
    0.088976,
    0.089819,
    0.093225,
    0.089514,
    0.091528,
    0.088765,
    0.099465,
    0.087662,
    0.090607,
    0.096315,
    0.08799,
    0.087572,
    0.086288,
    0.087631,
    0.086379,
    0.089065,
    0.098082,
    0.087207,
    0.085392,
    0.084765,
    0.084939,
    0.083036,
    0.083111,
    0.085032,
    0.084983,
    0.088116,
    0.082867,
    0.084373,
    0.084089,
    0.082696,
    0.083989,
    0.081667,
    0.083059,
    0.080095,
    0.091787,
    0.081255,
    0.082442,
    0.080382,
    0.077755,
    0.08064,
    0.079049,
    0.078002,
    0.079048,
    0.077283,
    0.078433,
    0.076893,
    0.077152,
    0.078753,
    0.075421,
    0.077313,
    0.077546,
    0.076458,
    0.076593,
    0.075579,
    0.077045,
    0.07508,
    0.075046,
    0.077675,
    0.074149,
    0.073068,
    0.076663,
    0.07305,
    0.073706,
    0.072477,
    0.073667,
    0.075327,
    0.071801,
    0.072536,
    0.085639,
    0.072077,
    0.075937,
    0.071453,
    0.070798,
    0.074277,
    0.070294,
    0.070896,
    0.069203,
    0.069004,
    0.072771,
    0.072575,
    0.068984,
    0.068917,
    0.074336,
    0.075177,
    0.06875,
    0.073699,
    0.077847,
    0.071704,
    0.068443,
    0.067816,
    0.069894,
    0.070243,
    0.071019,
    0.067414,
    0.066345,
    0.067026,
    0.066596,
    0.065838,
    0.067346,
    0.067254,
    0.06463,
    0.065874,
    0.070784,
    0.06414,
    0.067001,
    0.067569,
    0.068068,
    0.065353,
    0.067121,
    0.067742,
    0.068212
  ],