{
  "patient": "chb09",
  "model": "SPDNet_classic",
  "device": "cuda",
  "model_params": {
    "n_channels": 21,
    "n_classes": 2,
    "init_shrinkage": 0.1,
    "bimap1_out": 10,
    "bimap2_out": 5,
    "bimap3_out": 2,
    "tangent_dim": 3,
    "architecture": "CovLayer \u2192 Shrinkage \u2192 BiMap \u2192 ReEig \u2192 BiMap \u2192 ReEig \u2192 BiMap \u2192 ReEig \u2192 LogEig \u2192 Linear",
    "reference": "Huang & Van Gool (AAAI 2017)"
  },
  "train_params": {
    "optimizer": "Adam",
    "lr": 0.001,
    "weight_decay": 0.0,
    "loss": "CrossEntropyLoss",
    "epochs": 500,
    "patience": 25,
    "batch_size": 32,
    "train_split": 0.8,
    "val_split_final": 0.9,
    "cv_folds": 5,
    "cv_strategy": "StratifiedKFold",
    "scoring": "balanced_accuracy",
    "seed": 42
  },
  "n_params": 278,
  "n_train": 993,
  "n_val": 111,
  "n_test": 276,
  "n_ictal_train": 193,
  "n_ictal_val": 28,
  "n_ictal_test": 55,
  "cv_scores": [
    0.9858,
    0.8978,
    0.9489,
    0.6721,
    0.9318
  ],
  "cv_mean": 0.8873,
  "cv_std": 0.1113,
  "train_loss_history": [
    1.055782,
    0.840025,
    0.739511,
    0.675927,
    0.619851,
    0.639389,
    0.534167,
    0.514996,
    0.491401,
    0.481642,
    0.456239,
    0.43041,
    0.411314,
    0.403054,
    0.410556,
    0.398452,
    0.381795,
    0.357726,
    0.344829,
    0.342173,
    0.335622,
    0.327939,
    0.319227,
    0.326306,
    0.307942,
    0.315509,
    0.298099,
    0.296108,
    0.297312,
    0.29283,
    0.284839,
    0.285484,
    0.275775,
    0.275021,
    0.290142,
    0.274612,
    0.289337,
    0.267737,
    0.260042,
    0.263714,
    0.259046,
    0.254847,
    0.251865,
    0.26618,
    0.25957,
    0.249335,
    0.243768,
    0.243246,
    0.241514,
    0.237539,
    0.23829,
    0.23704,
    0.236631,
    0.232937,
    0.231158,
    0.228976,
    0.240804,
    0.257643,
    0.22647,
    0.223877,
    0.223796,
    0.220989,
    0.218953,
    0.223774,
    0.222028,
    0.21746,
    0.21701,
    0.213157,
    0.212616,
    0.211391,
    0.211189,
    0.209736,
    0.206596,
    0.221042,
    0.237416,
    0.2164,
    0.212928,
    0.202123,
    0.200624,
    0.200426,
    0.197883,
    0.197363,
    0.197397,
    0.193697,
    0.195625,
    0.192047,
    0.203783,
    0.196494,
    0.201335,
    0.187385,
    0.186169,
    0.209689,
    0.186358,
    0.188824,
    0.181474,
    0.185418,
    0.184538,
    0.181395,
    0.19514,
    0.180267,
    0.179169,
    0.175932,
    0.174647,
    0.175913,
    0.172593,
    0.172538,
    0.178306,
    0.170811,
    0.168552,
    0.16906,
    0.16955,
    0.186334,
    0.170555,
    0.166627,
    0.163325,
    0.161094,
    0.168533,
    0.171568,
    0.159231,
    0.176169,
    0.158632,
    0.163859,
    0.162303,
    0.157006,
    0.157606,
    0.153688,
    0.153377,
    0.158967,
    0.150161,
    0.173906,
    0.154753,
    0.149074,
    0.14768,
    0.154504,
    0.146532,
    0.14576,
    0.145889,
    0.152391,
    0.143773,
    0.148759,
    0.142493,
    0.14102,
    0.140803,
    0.140175,
    0.14158,
    0.147599,
    0.138429,
    0.137296,
    0.137917,
    0.139786,
    0.135927,
    0.144265,
    0.134867,
    0.147253,
    0.135009,
    0.133068,
    0.133211,
    0.132014,
    0.133337,
    0.138065,
    0.12987,
    0.160507,
    0.137217,
    0.130076,
    0.128553,
    0.132079,
    0.129396,
    0.135557,
    0.128948,
    0.129376,
    0.13467,
    0.124667,
    0.12383,
    0.124052,
    0.12998,
    0.124522,
    0.121713,
    0.121689,
    0.123089,
    0.120975,
    0.122932,
    0.118726,
    0.119502,
    0.118895,
    0.120542,
    0.117448,
    0.11836,
    0.121096,
    0.118747,
    0.115343,
    0.117451,
    0.114484,
    0.114197,
    0.114302,
    0.113898,
    0.126761,
    0.115792,
    0.116678,
    0.11271,
    0.118387,
    0.111849,
    0.129492,
    0.113906,
    0.11667,
    0.121658,
    0.111486,
    0.109662,
    0.109029,
    0.107985,
    0.108644,
    0.109656,
    0.108891,
    0.106256,
    0.108391,
    0.105992,
    0.106195,
    0.114497,
    0.106516,
    0.107775,
    0.10477,
    0.103934,
    0.103904,
    0.10372,
    0.167781,
    0.12158,
    0.1108,
    0.105249,
    0.1079,
    0.107796,
    0.104259,
    0.103127,
    0.101917,
    0.100752,
    0.104691,
    0.102084,
    0.100008,
    0.10471,
    0.099088,
    0.101656,
    0.098277,
    0.097679,
    0.105274,
    0.098763,
    0.097801,
    0.097106,
    0.101185,
    0.108043,
    0.098833,
    0.114298,
    0.107549,
    0.099131,
    0.096312,
    0.096251,
    0.095193,
    0.09447,
    0.094378,
    0.095145,
    0.097701,
    0.09391,
    0.093294,
    0.09303,
    0.093249,
    0.097913,
    0.095626,
    0.09279,
    0.096019,
    0.091969,
    0.099418,
    0.094882,
    0.09192,
    0.09129,
    0.091109,
    0.090333,
    0.089984,
    0.092001,
    0.09309,
    0.092362,
    0.091069,
    0.094135,
    0.100821,
    0.091063,
    0.09091,
    0.088578,
    0.0937,
    0.088552,
    0.08958,
    0.088534,
    0.088031,
    0.086859,
    0.086967,
    0.088017,
    0.087866,
    0.087235,
    0.086376,
    0.087022,
    0.08755,
    0.08635,
    0.086967,
    0.085502,
    0.085848,
    0.085688,
    0.085109,
    0.084392,
    0.085286,
    0.084893,
    0.084927,
    0.084339,
    0.096591,
    0.096688,
    0.094491,
    0.087559,
    0.085127,
    0.084184,
    0.083774,
    0.110825,
    0.097396,
    0.087702,
    0.08383,
    0.091722,
    0.083662,
    0.083366,
    0.084934,
    0.082751,
    0.087489,
    0.082238,
    0.081062,
    0.080921,
    0.085142,
    0.080606,
    0.080652,
    0.081851,
    0.080898,
    0.080915,
    0.080213
  ],