{
  "patient": "chb05",
  "model": "SPDNet_classic",
  "device": "cuda",
  "model_params": {
    "n_channels": 21,
    "n_classes": 2,
    "init_shrinkage": 0.1,
    "bimap1_out": 10,
    "bimap2_out": 5,
    "bimap3_out": 2,
    "tangent_dim": 3,
    "architecture": "CovLayer \u2192 Shrinkage \u2192 BiMap \u2192 ReEig \u2192 BiMap \u2192 ReEig \u2192 BiMap \u2192 ReEig \u2192 LogEig \u2192 Linear",
    "reference": "Huang & Van Gool (AAAI 2017)"
  },
  "train_params": {
    "optimizer": "Adam",
    "lr": 0.001,
    "weight_decay": 0.0,
    "loss": "CrossEntropyLoss",
    "epochs": 500,
    "patience": 25,
    "batch_size": 32,
    "train_split": 0.8,
    "val_split_final": 0.9,
    "cv_folds": 5,
    "cv_strategy": "StratifiedKFold",
    "scoring": "balanced_accuracy",
    "seed": 42
  },
  "n_params": 278,
  "n_train": 2008,
  "n_val": 224,
  "n_test": 558,
  "n_ictal_train": 400,
  "n_ictal_val": 46,
  "n_ictal_test": 112,
  "cv_scores": [
    0.8999,
    0.8934,
    0.9172,
    0.8779,
    0.9284
  ],
  "cv_mean": 0.9034,
  "cv_std": 0.0178,
  "train_loss_history": [
    0.655559,
    0.518234,
    0.451561,
    0.412157,
    0.386559,
    0.368078,
    0.353882,
    0.343154,
    0.333737,
    0.325657,
    0.31861,
    0.311674,
    0.305648,
    0.300232,
    0.294687,
    0.289779,
    0.284636,
    0.28032,
    0.276375,
    0.271768,
    0.267273,
    0.264416,
    0.260419,
    0.256214,
    0.252501,
    0.249905,
    0.245484,
    0.242883,
    0.239565,
    0.236654,
    0.23412,
    0.23081,
    0.228225,
    0.225222,
    0.223168,
    0.22037,
    0.21757,
    0.215781,
    0.213083,
    0.210775,
    0.208763,
    0.207362,
    0.204907,
    0.202957,
    0.200539,
    0.198254,
    0.196332,
    0.194369,
    0.192647,
    0.191179,
    0.188892,
    0.187651,
    0.185848,
    0.184179,
    0.182459,
    0.180666,
    0.179169,
    0.177975,
    0.176134,
    0.175354,
    0.172927,
    0.171424,
    0.170668,
    0.1695,
    0.168439,
    0.166913,
    0.165016,
    0.164732,
    0.163133,
    0.162309,
    0.161042,
    0.159456,
    0.159577,
    0.158489,
    0.156947,
    0.155762,
    0.154387,
    0.154185,
    0.153496,
    0.152226,
    0.151292,
    0.150901,
    0.149117,
    0.148776,
    0.147744,
    0.147344,
    0.145992,
    0.145589,
    0.144891,
    0.143804,
    0.143838,
    0.143204,
    0.142034,
    0.1414,
    0.140508,
    0.14064,
    0.139917,
    0.138797,
    0.138424,
    0.137611,
    0.137711,
    0.136258,
    0.136936,
    0.135746,
    0.135324,
    0.134566,
    0.133959,
    0.134747,
    0.133481,
    0.13401,
    0.133102,
    0.132702,
    0.13112,
    0.131188,
    0.130581,
    0.130112,
    0.130952,
    0.129325,
    0.130896,
    0.128525,
    0.128375,
    0.128204,
    0.128068,
    0.127556,
    0.127784,
    0.126659,
    0.126144,
    0.127386,
    0.126059,
    0.12599,
    0.125566,
    0.12479,
    0.125813,
    0.124587,
    0.124296,
    0.123633,
    0.124727,
    0.124251
  ],
  "val_loss_history": [
    0.563154,
    0.473299,
    0.425395,
    0.395092,
    0.374892,
    0.360206,
    0.347768,
    0.337822,
    0.329035,
    0.32172,
    0.31513,
    0.308731,
    0.302049,
    0.296116,
    0.290593,
    0.286396,
    0.28079,
    0.275597,
    0.271323,
    0.266312,
    0.262731,
    0.25817,
    0.254644,
    0.252419,
    0.247836,
    0.242677,
    0.240503,
    0.238293,
    0.233811,
    0.229459,
    0.229822,
    0.224639,
    0.222481,
    0.218865,
    0.216446,
    0.214239,
    0.209969,
    0.208017,
    0.206751,
    0.203492,
    0.201588,
    0.199854,
    0.196878,
    0.196983,
    0.194443,
    0.192578,
    0.189767,
    0.187744,
    0.188654,
    0.184303,
    0.183071,
    0.182521,
    0.182412,
    0.179725,
    0.178433,
    0.176569,
    0.175667,
    0.175468,
    0.173908,
    0.172951,
    0.170502,
    0.170037,
    0.16824,
    0.167968,
    0.16778,
    0.166339,
    0.165471,
    0.164197,
    0.164815,
    0.162779,
    0.162319,
    0.163245,
    0.160456,
    0.159969,
    0.161105,
    0.160627,
    0.162459,
    0.157816,
    0.157282,
    0.155278,
    0.154914,
    0.157057,
    0.155335,
    0.156948,
    0.15529,
    0.154113,
    0.155163,
    0.153952,
    0.152631,
    0.1523,
    0.153347,
    0.150179,
    0.152456,
    0.152038,
    0.15324,
    0.151974,
    0.150855,
    0.151555,
    0.151397,
    0.149782,
    0.15351,
    0.151157,
    0.151439,
    0.152752,
    0.150729,
    0.15151,
    0.149988,
    0.150332,
    0.150793,
    0.150295,
    0.15084,
    0.149676,
    0.148401,
    0.150719,
    0.149206,
    0.148528,
    0.151643,
    0.151134,
    0.149074,
    0.149736,
    0.151894,
    0.148571,
    0.148614,
    0.148638,
    0.151162,
    0.149902,
    0.15089,
    0.150916,
    0.149163,
    0.151431,
    0.149008,
    0.15266,
    0.149981,
    0.149033,
    0.149528,
    0.150975,
    0.153708,
    0.151203
  ],
  "best_val_loss": 0.148401,
  "stopped_epoch": 138,
  "test_bAcc": 0.8794,
  "sensitivity": 0.7679,
  "specificity": 0.991
}