{
  "patient": "chb01",
  "model": "SPDNet_classic",
  "device": "cuda",
  "model_params": {
    "n_channels": 21,
    "n_classes": 2,
    "init_shrinkage": 0.1,
    "bimap1_out": 10,
    "bimap2_out": 5,
    "bimap3_out": 2,
    "tangent_dim": 3,
    "architecture": "CovLayer \u2192 Shrinkage \u2192 BiMap \u2192 ReEig \u2192 BiMap \u2192 ReEig \u2192 BiMap \u2192 ReEig \u2192 LogEig \u2192 Linear",
    "reference": "Huang & Van Gool (AAAI 2017)"
  },
  "train_params": {
    "optimizer": "Adam",
    "lr": 0.001,
    "weight_decay": 0.0,
    "loss": "CrossEntropyLoss",
    "epochs": 500,
    "patience": 25,
    "batch_size": 32,
    "train_split": 0.8,
    "val_split_final": 0.9,
    "cv_folds": 5,
    "cv_strategy": "StratifiedKFold",
    "scoring": "balanced_accuracy",
    "seed": 42
  },
  "n_params": 278,
  "n_train": 1591,
  "n_val": 177,
  "n_test": 442,
  "n_ictal_train": 313,
  "n_ictal_val": 41,
  "n_ictal_test": 88,
  "cv_scores": [
    0.9278,
    0.8837,
    0.9172,
    0.8519,
    0.9572
  ],
  "cv_mean": 0.9076,
  "cv_std": 0.0364,
  "train_loss_history": [
    0.58971,
    0.433188,
    0.38021,
    0.353014,
    0.334939,
    0.322345,
    0.312121,
    0.303004,
    0.296014,
    0.289431,
    0.283549,
    0.277755,
    0.273451,
    0.267576,
    0.264015,
    0.25927,
    0.25456,
    0.250872,
    0.246604,
    0.242775,
    0.240433,
    0.236135,
    0.233182,
    0.23073,
    0.227602,
    0.224456,
    0.222899,
    0.219324,
    0.217651,
    0.214745,
    0.212672,
    0.21005,
    0.208013,
    0.206758,
    0.204024,
    0.20203,
    0.20039,
    0.198797,
    0.197028,
    0.195196,
    0.193335,
    0.191787,
    0.190659,
    0.187972,
    0.187026,
    0.186363,
    0.185033,
    0.183533,
    0.181663,
    0.180249,
    0.179445,
    0.177953,
    0.17683,
    0.175694,
    0.174552,
    0.173206,
    0.172374,
    0.171152,
    0.17057,
    0.169576,
    0.1702,
    0.167959,
    0.16606,
    0.165859,
    0.165576,
    0.165115,
    0.164032,
    0.162198,
    0.161942,
    0.161773,
    0.161346,
    0.160692,
    0.158299,
    0.158658,
    0.157998,
    0.157439,
    0.157328,
    0.156295,
    0.154969,
    0.154176,
    0.154282,
    0.154277,
    0.153545,
    0.152209,
    0.153369,
    0.151596,
    0.150459,
    0.149971,
    0.149681,
    0.149931,
    0.148323,
    0.148565,
    0.147826,
    0.147945,
    0.147069,
    0.146613,
    0.146282,
    0.145771,
    0.145458,
    0.145228,
    0.144874,
    0.143896,
    0.144712,
    0.143182,
    0.143077,
    0.142838,
    0.141923,
    0.142053,
    0.141857,
    0.141961,
    0.14057,
    0.14052,
    0.140445,
    0.14064,
    0.139902,
    0.140236,
    0.13958,
    0.139414,
    0.138952,
    0.138392,
    0.138786,
    0.138213,
    0.137658,
    0.137145,
    0.138077,
    0.13706,
    0.136863,
    0.136825,
    0.136356,
    0.136018,
    0.136205,
    0.13631,
    0.136554,
    0.135355,
    0.135593,
    0.135446,
    0.13513,
    0.135073,
    0.13445,
    0.135029,
    0.133592,
    0.134247,
    0.133406,
    0.134479,
    0.133776,
    0.132931,
    0.133271,
    0.132887,
    0.133963,
    0.133575,
    0.132217,
    0.131755,
    0.131699,
    0.132362,
    0.133428,
    0.132388,
    0.131356,
    0.130486,
    0.131257,
    0.131226,
    0.131133,
    0.131346,
    0.131005,
    0.130779,
    0.131766,
    0.130784,
    0.13135,
    0.131895,
    0.13059,
    0.129834,
    0.129853,
    0.130258,
    0.130002,
    0.129681,
    0.130825,
    0.129605,
    0.129167,
    0.130487,
    0.128975,
    0.129708,
    0.129253,
    0.129787,
    0.129923,
    0.128088,
    0.130766,
    0.129229,
    0.129401,
    0.128232,
    0.128474,
    0.127937,
    0.129141,
    0.128342,
    0.127665,
    0.127648,
    0.127891,
    0.127621,
    0.127543,
    0.127873,
    0.128288,
    0.127791,
    0.127107,
    0.128519,
    0.126672,
    0.127695,
    0.126957,
    0.127721,
    0.126376,
    0.126715,
    0.127586,
    0.126743,
    0.126913,
    0.126602,
    0.126069,
    0.126902,
    0.12669,
    0.128519,
    0.126211
  ],
  "val_loss_history": [
    0.49321,
    0.429671,
    0.399684,
    0.380287,
    0.365172,
    0.353513,
    0.342973,
    0.333649,
    0.324854,
    0.317201,
    0.309413,
    0.302578,
    0.296462,
    0.289355,
    0.28357,
    0.277326,
    0.2724,
    0.267862,
    0.262377,
    0.258882,
    0.253385,
    0.24875,
    0.245562,
    0.242809,
    0.237389,
    0.234064,
    0.230316,
    0.22892,
    0.225898,
    0.221937,
    0.218832,
    0.216851,
    0.213244,
    0.211654,
    0.208364,
    0.20695,
    0.203251,
    0.202695,
    0.199404,
    0.197522,
    0.196372,
    0.194421,
    0.191289,
    0.189826,
    0.188936,
    0.18541,
    0.184943,
    0.184173,
    0.180654,
    0.178409,
    0.17871,
    0.175908,
    0.177321,
    0.174595,
    0.173531,
    0.17154,
    0.170266,
    0.169443,
    0.167202,
    0.166407,
    0.166388,
    0.166079,
    0.164443,
    0.162537,
    0.16284,
    0.161508,
    0.160672,
    0.158748,
    0.158515,
    0.158416,
    0.157575,
    0.154063,
    0.156324,
    0.154892,
    0.152042,
    0.153183,
    0.151001,
    0.151217,
    0.151579,
    0.149902,
    0.149289,
    0.14785,
    0.147844,
    0.14508,
    0.145843,
    0.144753,
    0.143284,
    0.144511,
    0.141737,
    0.143376,
    0.143071,
    0.14272,
    0.142042,
    0.13917,
    0.141092,
    0.139851,
    0.138497,
    0.13943,
    0.137658,
    0.137104,
    0.137719,
    0.136972,
    0.135368,
    0.135708,
    0.135151,
    0.135892,
    0.135431,
    0.136217,
    0.13509,
    0.133534,
    0.133282,
    0.133251,
    0.132874,
    0.131611,
    0.132045,
    0.130072,
    0.131361,
    0.130084,
    0.12898,
    0.130183,
    0.129872,
    0.130898,
    0.13126,
    0.128523,
    0.128909,
    0.12867,
    0.130861,
    0.128955,
    0.127107,
    0.127931,
    0.126795,
    0.128681,
    0.126892,
    0.12632,
    0.127354,
    0.126808,
    0.127852,
    0.125922,
    0.126999,
    0.126765,
    0.125229,
    0.125882,
    0.126165,
    0.126942,
    0.125773,
    0.125266,
    0.123746,
    0.123168,
    0.124831,
    0.123525,
    0.123751,
    0.126174,
    0.125018,
    0.1235,
    0.123563,
    0.124402,
    0.124055,
    0.123484,
    0.122552,
    0.124069,
    0.123685,
    0.123635,
    0.122334,
    0.123192,
    0.124185,
    0.125168,
    0.120524,
    0.122038,
    0.122469,
    0.122629,
    0.121995,
    0.124955,
    0.12193,
    0.122678,
    0.123769,
    0.122823,
    0.121897,
    0.121631,
    0.121929,
    0.123569,
    0.120989,
    0.122016,
    0.122843,
    0.119395,
    0.121486,
    0.122576,
    0.119663,
    0.122784,
    0.122152,
    0.121255,
    0.119878,
    0.118837,
    0.120003,
    0.12111,
    0.11959,
    0.122098,
    0.123253,
    0.119423,
    0.119902,
    0.120604,
    0.119851,
    0.119947,
    0.119346,
    0.12179,
    0.119145,
    0.120175,
    0.120983,
    0.120899,
    0.119949,
    0.121651,
    0.122469,
    0.119908,
    0.119565,
    0.121418,
    0.118912,
    0.11999,
    0.121188
  ],
  "best_val_loss": 0.118837,
  "stopped_epoch": 217,
  "test_bAcc": 0.9262,
  "sensitivity": 0.8864,
  "specificity": 0.9661
}