{
  "patient": "chb05",
  "model": "SPDNet_v2",
  "device": "cuda",
  "model_params": {
    "n_channels": 21,
    "n_classes": 2,
    "subspacedim": 8,
    "reference": "spd_learn SPDNet \u2014 Huang & Van Gool (AAAI 2017), input_type=raw, subspacedim=8"
  },
  "train_params": {
    "optimizer": "Adam",
    "lr": 0.001,
    "weight_decay": 0.0,
    "loss": "CrossEntropyLoss",
    "epochs": 500,
    "patience": 30,
    "batch_size": 32,
    "train_split": 0.8,
    "val_split_final": 0.9,
    "cv_folds": 5,
    "cv_strategy": "StratifiedKFold",
    "scoring": "balanced_accuracy",
    "seed": 42
  },
  "n_params": 242,
  "n_train": 2008,
  "n_val": 224,
  "n_test": 558,
  "n_ictal_train": 400,
  "n_ictal_val": 46,
  "n_ictal_test": 112,
  "cv_scores": [
    0.9208,
    0.9383,
    0.9621,
    0.9368,
    0.9579
  ],
  "cv_mean": 0.9432,
  "cv_std": 0.0151,
  "train_loss_history": [
    0.392781,
    0.27202,
    0.244691,
    0.223797,
    0.207608,
    0.194415,
    0.183276,
    0.173177,
    0.164767,
    0.157546,
    0.149708,
    0.143639,
    0.137839,
    0.132456,
    0.127486,
    0.122637,
    0.118552,
    0.114571,
    0.111443,
    0.108148,
    0.105034,
    0.101655,
    0.099143,
    0.09751,
    0.094577,
    0.092419,
    0.090621,
    0.088878,
    0.086979,
    0.085598,
    0.083535,
    0.082477,
    0.081395,
    0.079898,
    0.078822,
    0.077825,
    0.076381,
    0.074863,
    0.073925,
    0.073375,
    0.071957,
    0.07193,
    0.070429,
    0.069107,
    0.068467,
    0.067423,
    0.066699,
    0.065747,
    0.065707,
    0.064672,
    0.063871,
    0.063378,
    0.062468,
    0.061957,
    0.061653,
    0.060545,
    0.060306,
    0.059853,
    0.058809,
    0.058745,
    0.058112,
    0.057441,
    0.057186,
    0.056555,
    0.055909,
    0.055566,
    0.054622,
    0.053868,
    0.05349,
    0.05316,
    0.053628,
    0.052826,
    0.052064,
    0.051978,
    0.051313,
    0.050581,
    0.05058,
    0.050076
  ],
  "val_loss_history": [
    0.282669,
    0.247528,
    0.226833,
    0.209678,
    0.19668,
    0.185722,
    0.176777,
    0.168216,
    0.160987,
    0.156478,
    0.15041,
    0.145561,
    0.141316,
    0.137842,
    0.13528,
    0.131214,
    0.130322,
    0.126519,
    0.125783,
    0.125468,
    0.124275,
    0.119144,
    0.119833,
    0.118372,
    0.117047,
    0.115279,
    0.114597,
    0.11407,
    0.114287,
    0.11463,
    0.11161,
    0.111258,
    0.110338,
    0.110155,
    0.111276,
    0.110222,
    0.11108,
    0.109779,
    0.109673,
    0.109794,
    0.110569,
    0.109162,
    0.106901,
    0.10929,
    0.108408,
    0.111479,
    0.109519,
    0.106677,
    0.108148,
    0.109658,
    0.108781,
    0.109639,
    0.109214,
    0.109889,
    0.10783,
    0.11108,
    0.109165,
    0.108934,
    0.108701,
    0.108519,
    0.111931,
    0.108378,
    0.108442,
    0.109852,
    0.110307,
    0.109695,
    0.10895,
    0.109977,
    0.111192,
    0.10768,
    0.108624,
    0.111379,
    0.109579,
    0.108781,
    0.108131,
    0.110167,
    0.108559,
    0.110481
  ],
  "best_val_loss": 0.106677,
  "stopped_epoch": 78,
  "test_bAcc": 0.933,
  "sensitivity": 0.875,
  "specificity": 0.991
}