{
  "patient": "chb04",
  "model": "SPDNet_classic",
  "device": "cuda",
  "model_params": {
    "n_channels": 21,
    "n_classes": 2,
    "init_shrinkage": 0.1,
    "bimap1_out": 10,
    "bimap2_out": 5,
    "bimap3_out": 2,
    "tangent_dim": 3,
    "architecture": "CovLayer \u2192 Shrinkage \u2192 BiMap \u2192 ReEig \u2192 BiMap \u2192 ReEig \u2192 BiMap \u2192 ReEig \u2192 LogEig \u2192 Linear",
    "reference": "Huang & Van Gool (AAAI 2017)"
  },
  "train_params": {
    "optimizer": "Adam",
    "lr": 0.001,
    "weight_decay": 0.0,
    "loss": "CrossEntropyLoss",
    "epochs": 500,
    "patience": 25,
    "batch_size": 32,
    "train_split": 0.8,
    "val_split_final": 0.9,
    "cv_folds": 5,
    "cv_strategy": "StratifiedKFold",
    "scoring": "balanced_accuracy",
    "seed": 42
  },
  "n_params": 278,
  "n_train": 1360,
  "n_val": 152,
  "n_test": 378,
  "n_ictal_train": 265,
  "n_ictal_val": 37,
  "n_ictal_test": 76,
  "cv_scores": [
    0.926,
    0.922,
    0.9209,
    0.9064,
    0.9355
  ],
  "cv_mean": 0.9222,
  "cv_std": 0.0094,
  "train_loss_history": [
    1.089478,
    0.861065,
    0.790077,
    0.746148,
    0.693933,
    0.628144,
    0.569967,
    0.522307,
    0.487556,
    0.461887,
    0.442163,
    0.426984,
    0.414432,
    0.402327,
    0.394793,
    0.384901,
    0.377304,
    0.368955,
    0.365549,
    0.359275,
    0.351833,
    0.349003,
    0.345653,
    0.339994,
    0.334861,
    0.331056,
    0.32696,
    0.323088,
    0.319821,
    0.316207,
    0.314752,
    0.311232,
    0.305139,
    0.303442,
    0.304366,
    0.298687,
    0.295616,
    0.295686,
    0.293028,
    0.288183,
    0.286902,
    0.285035,
    0.283578,
    0.280903,
    0.278542,
    0.275723,
    0.275582,
    0.274407,
    0.270947,
    0.268393,
    0.266359,
    0.266385,
    0.26434,
    0.261221,
    0.260783,
    0.258945,
    0.256445,
    0.25542,
    0.255631,
    0.253908,
    0.252798,
    0.250905,
    0.248977,
    0.247361,
    0.244501,
    0.242962,
    0.242237,
    0.241236,
    0.239306,
    0.239124,
    0.237753,
    0.23838,
    0.233858,
    0.234478,
    0.231518,
    0.230213,
    0.231486,
    0.230655,
    0.227246,
    0.227938,
    0.225227,
    0.224354,
    0.225606,
    0.222908,
    0.221273,
    0.220696,
    0.219582,
    0.219811,
    0.216032,
    0.216142,
    0.213981,
    0.213295,
    0.212451,
    0.212517,
    0.210077,
    0.209054,
    0.208138,
    0.208342,
    0.206957,
    0.207751,
    0.20485,
    0.20471,
    0.20362,
    0.203797,
    0.201743,
    0.200283,
    0.199602,
    0.19845,
    0.199299,
    0.198322,
    0.196336,
    0.197973,
    0.195757,
    0.193894,
    0.193454,
    0.193552,
    0.191854,
    0.188105,
    0.193169,
    0.190438,
    0.188399,
    0.187443,
    0.185389,
    0.190003,
    0.18531,
    0.183872,
    0.186322,
    0.182301,
    0.181788,
    0.181471,
    0.181774,
    0.181751,
    0.180619,
    0.179852,
    0.178658,
    0.179582,
    0.179319,
    0.176576,
    0.176415,
    0.178968,
    0.17514,
    0.179634,
    0.17369,
    0.174725,
    0.172056,
    0.172079,
    0.172639,
    0.173617,
    0.171009,
    0.172022,
    0.170962,
    0.170994,
    0.170033,
    0.168627,
    0.169954,
    0.167523,
    0.171129,
    0.167524,
    0.165339,
    0.166835,
    0.16381,
    0.164164,
    0.163983,
    0.163196,
    0.163473,
    0.16286,
    0.163955,
    0.161854,
    0.161647,
    0.160495,
    0.162835,
    0.16481,
    0.159604,
    0.159269,
    0.158802,
    0.159482,
    0.157404,
    0.15832,
    0.157638,
    0.158892,
    0.156583,
    0.157041,
    0.157564,
    0.15679,
    0.156415,
    0.15434,
    0.154902,
    0.15554,
    0.153182,
    0.155168,
    0.159055,
    0.154418,
    0.153999,
    0.154334,
    0.153564,
    0.151682,
    0.15245,
    0.153903,
    0.150688,
    0.15344,
    0.153495,
    0.151056,
    0.150353,
    0.149128,
    0.151078,
    0.149541,
    0.149555,
    0.14975,
    0.148878,
    0.147645,
    0.147989,
    0.148346,
    0.14716,
    0.145596,
    0.152289,
    0.14737,
    0.148216,
    0.146898,
    0.15156,
    0.148711,
    0.14792,
    0.146158,
    0.144793,
    0.147311,
    0.144192,
    0.146938,
    0.145158,
    0.143681,
    0.145115,
    0.143944,
    0.142574,
    0.143618,
    0.142137,
    0.143779,
    0.14363,
    0.143851,
    0.143004,
    0.141765,
    0.143512,
    0.141227,
    0.140013,
    0.14167,
    0.143386,
    0.140101,
    0.139592,
    0.139153,
    0.139952,
    0.140296,
    0.13943,
    0.141547,
    0.139673,
    0.139949,
    0.139495,
    0.140536,
    0.140096,
    0.138767,
    0.137135,
    0.139853,
    0.139756,
    0.137615,
    0.137813,
    0.136419,
    0.138015,
    0.138491,
    0.139221,
    0.137192,
    0.139189,
    0.138541,
    0.135023,
    0.139791,
    0.140656,
    0.13903,
    0.136723,
    0.135457,
    0.135182,
    0.13516,
    0.138221,
    0.135965,
    0.136115,
    0.13784,
    0.136435,
    0.134718,
    0.135443,
    0.135397,
    0.135146,
    0.13336,
    0.136873,
    0.134816,
    0.13677,
    0.13448,
    0.136452,
    0.133349,
    0.137328,
    0.132761,
    0.136369,
    0.133365,
    0.133113,
    0.132341,
    0.132235,
    0.136226,
    0.135089,
    0.135959,
    0.131001,
    0.132256,
    0.132063,
    0.133864,
    0.13207,
    0.130048,
    0.132653,
    0.130622,
    0.132822,
    0.131398,
    0.131923,
    0.132568,
    0.130859,
    0.131516,
    0.131491,
    0.131718,
    0.129603,
    0.132322,
    0.13642,
    0.131105,
    0.135141,
    0.134178,
    0.130531,
    0.130633,
    0.132145,
    0.13098,
    0.134368,
    0.130855,
    0.131702,
    0.132111,
    0.128299,
    0.134493,
    0.12894,
    0.128608,
    0.132645,
    0.131158,
    0.131728,
    0.130449,
    0.129723,
    0.127505,
    0.130241,
    0.129485,
    0.131268,
    0.132373,
    0.130166,
    0.128107,
    0.130155,
    0.128768,
    0.129109,
    0.128433,
    0.127349,
    0.131824,
    0.127308,
    0.127844,
    0.128393,
    0.129194,
    0.13118,
    0.127308,
    0.131227,
    0.126971,
    0.128009,
    0.127021,
    0.128144,
    0.1317,
    0.12698,
    0.12903,
    0.127275,
    0.129127,
    0.133654,
    0.125984,
    0.128805,
    0.128843,
    0.126654,
    0.135198,
    0.128968,
    0.125882,
    0.126249,
    0.126923,
    0.126388,
    0.130099,
    0.1304,
    0.129788,
    0.128842,
    0.131257,
    0.131231,
    0.128059,
    0.126652,
    0.128715,
    0.130605,
    0.127835,
    0.129279,
    0.129092,
    0.12902,
    0.129663,
    0.127824,
    0.12597,
    0.130592,
    0.132053,
    0.126421,
    0.126452,
    0.127736,
    0.125815,
    0.125378,
    0.125105
  ],