{
  "patient": "chb06",
  "model": "SPDNet_v2",
  "device": "cuda",
  "model_params": {
    "n_channels": 21,
    "n_classes": 2,
    "subspacedim": 8,
    "reference": "spd_learn SPDNet \u2014 Huang & Van Gool (AAAI 2017), input_type=raw, subspacedim=8"
  },
  "train_params": {
    "optimizer": "Adam",
    "lr": 0.001,
    "weight_decay": 0.0,
    "loss": "CrossEntropyLoss",
    "epochs": 500,
    "patience": 30,
    "batch_size": 32,
    "train_split": 0.8,
    "val_split_final": 0.9,
    "cv_folds": 5,
    "cv_strategy": "StratifiedKFold",
    "scoring": "balanced_accuracy",
    "seed": 42
  },
  "n_params": 242,
  "n_train": 550,
  "n_val": 62,
  "n_test": 153,
  "n_ictal_train": 109,
  "n_ictal_val": 13,
  "n_ictal_test": 31,
  "cv_scores": [
    0.9349,
    0.8498,
    0.9324,
    0.8023,
    0.8342
  ],
  "cv_mean": 0.8707,
  "cv_std": 0.0536,
  "train_loss_history": [
    0.610908,
    0.499307,
    0.468198,
    0.453296,
    0.458515,
    0.423687,
    0.414189,
    0.387656,
    0.372626,
    0.37458,
    0.363701,
    0.338006,
    0.323994,
    0.323668,
    0.313636,
    0.298502,
    0.286714,
    0.278991,
    0.276117,
    0.266594,
    0.261889,
    0.25795,
    0.248747,
    0.257908,
    0.237248,
    0.240065,
    0.230086,
    0.223952,
    0.225934,
    0.212968,
    0.208467,
    0.206171,
    0.215407,
    0.205154,
    0.203537,
    0.198646,
    0.197565,
    0.189081,
    0.192181,
    0.190753,
    0.179695,
    0.176076,
    0.177179,
    0.17427,
    0.16811,
    0.166123,
    0.161791,
    0.161945,
    0.165431,
    0.166275,
    0.157246,
    0.174188,
    0.15328,
    0.153771,
    0.152652,
    0.156075,
    0.150319,
    0.145898,
    0.147248,
    0.142016,
    0.177259,
    0.139273,
    0.141758,
    0.143006,
    0.135902,
    0.140465,
    0.135498,
    0.134582,
    0.13333,
    0.129678,
    0.128693,
    0.130813,
    0.127327,
    0.141114,
    0.137135,
    0.13344,
    0.12425,
    0.122334,
    0.122046,
    0.123108,
    0.126132,
    0.119435,
    0.118005,
    0.115554,
    0.120064,
    0.12367,
    0.113256,
    0.114987,
    0.111308,
    0.109998,
    0.108797,
    0.1125,
    0.109203,
    0.105719,
    0.109095,
    0.106085,
    0.109153,
    0.103037,
    0.105688,
    0.103866,
    0.106966,
    0.111549,
    0.101396,
    0.100037,
    0.103919,
    0.101881,
    0.102894,
    0.097261,
    0.098397,
    0.094911,
    0.094993,
    0.092833,
    0.092572,
    0.091182,
    0.106753,
    0.090371,
    0.09422,
    0.091775,
    0.08874,
    0.089138,
    0.092143,
    0.089135,
    0.093076,
    0.108377,
    0.0882,
    0.088873,
    0.088387,
    0.084981,
    0.083571,
    0.086963,
    0.081254,
    0.082768,
    0.08732,
    0.08097,
    0.080606,
    0.075958,
    0.081509,
    0.082737,
    0.075203,
    0.078075,
    0.074712,
    0.073539,
    0.078146,
    0.076014,
    0.071611,
    0.072363,
    0.073427,
    0.071903,
    0.068939,
    0.080418,
    0.070174,
    0.07176,
    0.067997,
    0.068115,
    0.074727,
    0.070546,
    0.067444,
    0.065755,
    0.065945,
    0.080864,
    0.070072,
    0.064607,
    0.064022,
    0.071867,
    0.061811,
    0.061756,
    0.061912,
    0.063841,
    0.060412,
    0.071681,
    0.061151,
    0.061112,
    0.061251,
    0.058656,
    0.068748,
    0.058537,
    0.058799,
    0.057525,
    0.057945,
    0.058071,
    0.058635,
    0.058554,
    0.06394,
    0.059775,
    0.057148,
    0.054274,
    0.05464,
    0.058347,
    0.054958,
    0.054523,
    0.053115,
    0.05172,
    0.051455,
    0.05181,
    0.053265,
    0.05168,
    0.051723,
    0.053216,
    0.052785,
    0.050899,
    0.049649
  ],
  "val_loss_history": [
    0.546153,
    0.521422,
    0.508221,
    0.495761,
    0.480938,
    0.466188,
    0.453166,
    0.438698,
    0.425297,
    0.412036,
    0.398715,
    0.386998,
    0.376994,
    0.365163,
    0.352918,
    0.342536,
    0.331494,
    0.322382,
    0.312871,
    0.302706,
    0.293515,
    0.285581,
    0.277585,
    0.270034,
    0.263245,
    0.256061,
    0.250192,
    0.243163,
    0.236801,
    0.231854,
    0.225924,
    0.220466,
    0.215405,
    0.212921,
    0.208736,
    0.203337,
    0.199284,
    0.195085,
    0.190024,
    0.187661,
    0.185113,
    0.182186,
    0.179365,
    0.176506,
    0.17254,
    0.171252,
    0.168483,
    0.166321,
    0.164107,
    0.161578,
    0.160476,
    0.157634,
    0.156356,
    0.153046,
    0.153147,
    0.150117,
    0.151499,
    0.14873,
    0.148011,
    0.146172,
    0.144335,
    0.146624,
    0.144218,
    0.143094,
    0.141154,
    0.137155,
    0.13685,
    0.136066,
    0.1345,
    0.133428,
    0.132165,
    0.1306,
    0.128939,
    0.128202,
    0.125086,
    0.126094,
    0.128978,
    0.126436,
    0.124342,
    0.122476,
    0.120941,
    0.123971,
    0.122226,
    0.120508,
    0.120473,
    0.11928,
    0.119794,
    0.118964,
    0.11806,
    0.118413,
    0.117805,
    0.115229,
    0.116188,
    0.117235,
    0.116234,
    0.116599,
    0.116068,
    0.114936,
    0.113769,
    0.112465,
    0.112061,
    0.110474,
    0.112128,
    0.109584,
    0.110322,
    0.109229,
    0.111456,
    0.109268,
    0.108748,
    0.107096,
    0.108523,
    0.107913,
    0.106967,
    0.10695,
    0.108085,
    0.103557,
    0.103577,
    0.104046,
    0.103992,
    0.107331,
    0.105981,
    0.104068,
    0.105223,
    0.105357,
    0.104717,
    0.105614,
    0.103891,
    0.104978,
    0.10713,
    0.106793,
    0.105042,
    0.104392,
    0.103762,
    0.106908,
    0.107073,
    0.105315,
    0.10556,
    0.104332,
    0.103086,
    0.10501,
    0.105846,
    0.103703,
    0.106766,
    0.103188,
    0.104509,
    0.102696,
    0.102787,
    0.105319,
    0.107223,
    0.10478,
    0.098479,
    0.099457,
    0.099233,
    0.102388,
    0.101593,
    0.102701,
    0.105637,
    0.107055,
    0.103441,
    0.103744,
    0.103022,
    0.105211,
    0.104297,
    0.102635,
    0.101259,
    0.103808,
    0.102091,
    0.103672,
    0.102154,
    0.10353,
    0.097745,
    0.100677,
    0.099655,
    0.102354,
    0.101806,
    0.099043,
    0.102385,
    0.101232,
    0.104753,
    0.105253,
    0.104227,
    0.101194,
    0.106462,
    0.097673,
    0.10077,
    0.103368,
    0.102459,
    0.10446,
    0.104297,
    0.104275,
    0.104574,
    0.105874,
    0.107076,
    0.104428,
    0.104442,
    0.103526,
    0.104193,
    0.102972,
    0.106194,
    0.106458,
    0.105332
  ],
  "best_val_loss": 0.097745,
  "stopped_epoch": 201,
  "test_bAcc": 0.7414,
  "sensitivity": 0.5484,
  "specificity": 0.9344
}