{
  "patient": "chb08",
  "model": "SPDNet_v2",
  "device": "cuda",
  "model_params": {
    "n_channels": 21,
    "n_classes": 2,
    "subspacedim": 8,
    "reference": "spd_learn SPDNet \u2014 Huang & Van Gool (AAAI 2017), input_type=raw, subspacedim=8"
  },
  "train_params": {
    "optimizer": "Adam",
    "lr": 0.001,
    "weight_decay": 0.0,
    "loss": "CrossEntropyLoss",
    "epochs": 500,
    "patience": 30,
    "batch_size": 32,
    "train_split": 0.8,
    "val_split_final": 0.9,
    "cv_folds": 5,
    "cv_strategy": "StratifiedKFold",
    "scoring": "balanced_accuracy",
    "seed": 42
  },
  "n_params": 242,
  "n_train": 3308,
  "n_val": 368,
  "n_test": 919,
  "n_ictal_train": 656,
  "n_ictal_val": 79,
  "n_ictal_test": 184,
  "cv_scores": [
    0.8861,
    0.8861,
    0.8614,
    0.8903,
    0.909
  ],
  "cv_mean": 0.8866,
  "cv_std": 0.0152,
  "train_loss_history": [
    0.38574,
    0.29437,
    0.263912,
    0.241034,
    0.223487,
    0.214414,
    0.206844,
    0.200429,
    0.194543,
    0.190098,
    0.186648,
    0.183526,
    0.180299,
    0.17807,
    0.176303,
    0.17308,
    0.171284,
    0.169328,
    0.168194,
    0.166264,
    0.165122,
    0.163437,
    0.166267,
    0.16176,
    0.161144,
    0.159705,
    0.159644,
    0.161264,
    0.158189,
    0.156631,
    0.155402,
    0.155607,
    0.154182,
    0.155612,
    0.15352,
    0.15395,
    0.155307,
    0.152422,
    0.150755,
    0.150564,
    0.149107,
    0.150329,
    0.148337,
    0.148731,
    0.150127,
    0.148137,
    0.147269,
    0.147207,
    0.146637,
    0.145883,
    0.147573,
    0.146407,
    0.151882,
    0.145008,
    0.144571,
    0.147333,
    0.144007,
    0.144346,
    0.142962,
    0.142622,
    0.14228,
    0.142007,
    0.14274,
    0.141483,
    0.141344,
    0.141822,
    0.140447,
    0.141621,
    0.14072,
    0.140424,
    0.142807,
    0.139919,
    0.139139,
    0.139948
  ],
  "val_loss_history": [
    0.330044,
    0.289491,
    0.266164,
    0.251853,
    0.239471,
    0.231134,
    0.223426,
    0.215806,
    0.20948,
    0.204893,
    0.200338,
    0.19626,
    0.190788,
    0.188612,
    0.18534,
    0.182585,
    0.181072,
    0.179665,
    0.177664,
    0.176033,
    0.176226,
    0.174788,
    0.174005,
    0.172613,
    0.170414,
    0.171811,
    0.168451,
    0.170207,
    0.16896,
    0.168517,
    0.166903,
    0.167005,
    0.167961,
    0.166445,
    0.16524,
    0.16648,
    0.167297,
    0.165695,
    0.16589,
    0.166747,
    0.165108,
    0.167481,
    0.166626,
    0.164889,
    0.167472,
    0.165478,
    0.166048,
    0.167696,
    0.167077,
    0.169999,
    0.167894,
    0.165861,
    0.165977,
    0.167372,
    0.16922,
    0.168221,
    0.170344,
    0.168414,
    0.167951,
    0.168767,
    0.170964,
    0.171546,
    0.171361,
    0.172307,
    0.174241,
    0.172176,
    0.175242,
    0.172819,
    0.174867,
    0.175135,
    0.174523,
    0.17618,
    0.176949,
    0.18006
  ],
  "best_val_loss": 0.164889,
  "stopped_epoch": 74,
  "test_bAcc": 0.8954,
  "sensitivity": 0.8261,
  "specificity": 0.9646
}