{
  "patient": "chb08",
  "model": "SPDNet_classic",
  "device": "cuda",
  "model_params": {
    "n_channels": 21,
    "n_classes": 2,
    "init_shrinkage": 0.1,
    "bimap1_out": 10,
    "bimap2_out": 5,
    "bimap3_out": 2,
    "tangent_dim": 3,
    "architecture": "CovLayer \u2192 Shrinkage \u2192 BiMap \u2192 ReEig \u2192 BiMap \u2192 ReEig \u2192 BiMap \u2192 ReEig \u2192 LogEig \u2192 Linear",
    "reference": "Huang & Van Gool (AAAI 2017)"
  },
  "train_params": {
    "optimizer": "Adam",
    "lr": 0.001,
    "weight_decay": 0.0,
    "loss": "CrossEntropyLoss",
    "epochs": 500,
    "patience": 25,
    "batch_size": 32,
    "train_split": 0.8,
    "val_split_final": 0.9,
    "cv_folds": 5,
    "cv_strategy": "StratifiedKFold",
    "scoring": "balanced_accuracy",
    "seed": 42
  },
  "n_params": 278,
  "n_train": 3308,
  "n_val": 368,
  "n_test": 919,
  "n_ictal_train": 656,
  "n_ictal_val": 79,
  "n_ictal_test": 184,
  "cv_scores": [
    0.864,
    0.8546,
    0.8614,
    0.8682,
    0.8895
  ],
  "cv_mean": 0.8675,
  "cv_std": 0.0118,
  "train_loss_history": [
    0.53694,
    0.450818,
    0.413432,
    0.382341,
    0.359181,
    0.341654,
    0.326405,
    0.316678,
    0.303568,
    0.294021,
    0.288818,
    0.280373,
    0.273789,
    0.270365,
    0.264307,
    0.260012,
    0.257209,
    0.254421,
    0.250908,
    0.248487,
    0.245374,
    0.243963,
    0.241907,
    0.240535,
    0.240332,
    0.236908,
    0.23727,
    0.234481,
    0.232924,
    0.232038,
    0.233401,
    0.229522,
    0.229093,
    0.228448,
    0.226527,
    0.226788,
    0.225751,
    0.226942,
    0.222867,
    0.224884,
    0.223624,
    0.223682,
    0.221696,
    0.221099,
    0.222367,
    0.219414,
    0.219967,
    0.221448,
    0.218776,
    0.217642,
    0.218919,
    0.216939,
    0.217379,
    0.218138,
    0.217228,
    0.217578,
    0.216127,
    0.217869,
    0.216959,
    0.21609,
    0.214063,
    0.215658,
    0.214765,
    0.214507,
    0.213513,
    0.213663,
    0.215435,
    0.212036,
    0.216227,
    0.213945,
    0.212696,
    0.211988,
    0.2124,
    0.213121,
    0.210886,
    0.211689,
    0.211108,
    0.211513,
    0.212139,
    0.211115,
    0.211231,
    0.211734,
    0.214492,
    0.211606,
    0.209924,
    0.21563,
    0.21086,
    0.211508,
    0.210855,
    0.210412,
    0.210184,
    0.212085,
    0.212639,
    0.210335,
    0.21078,
    0.209067,
    0.210784,
    0.209388,
    0.213496,
    0.209817,
    0.208757,
    0.210761,
    0.210503
  ],
  "val_loss_history": [
    0.485097,
    0.437533,
    0.401677,
    0.374573,
    0.353646,
    0.335618,
    0.321101,
    0.307982,
    0.298683,
    0.2896,
    0.281056,
    0.274884,
    0.270947,
    0.264521,
    0.257993,
    0.258804,
    0.251665,
    0.25074,
    0.24732,
    0.244182,
    0.241516,
    0.23922,
    0.23728,
    0.238596,
    0.233548,
    0.232379,
    0.23021,
    0.227861,
    0.228487,
    0.228084,
    0.223442,
    0.225225,
    0.225557,
    0.221823,
    0.222966,
    0.22327,
    0.21929,
    0.222136,
    0.221303,
    0.215501,
    0.225215,
    0.215841,
    0.217648,
    0.215175,
    0.214637,
    0.222555,
    0.216144,
    0.218027,
    0.213985,
    0.212107,
    0.214601,
    0.220298,
    0.215812,
    0.214665,
    0.222023,
    0.212065,
    0.215714,
    0.209877,
    0.214485,
    0.211262,
    0.209603,
    0.214028,
    0.215895,
    0.214426,
    0.217173,
    0.216125,
    0.211937,
    0.207837,
    0.212237,
    0.210243,
    0.2104,
    0.209626,
    0.214459,
    0.215175,
    0.214423,
    0.213851,
    0.21066,
    0.204847,
    0.212105,
    0.211543,
    0.209897,
    0.21767,
    0.21813,
    0.209568,
    0.210158,
    0.2059,
    0.209524,
    0.208507,
    0.206991,
    0.211537,
    0.215086,
    0.216671,
    0.207268,
    0.209871,
    0.210147,
    0.20942,
    0.213308,
    0.210061,
    0.209086,
    0.206694,
    0.208505,
    0.213667,
    0.213679
  ],
  "best_val_loss": 0.204847,
  "stopped_epoch": 103,
  "test_bAcc": 0.8811,
  "sensitivity": 0.8098,
  "specificity": 0.9524
}