{
  "patient": "chb07",
  "model": "SPDNet_classic",
  "device": "cuda",
  "model_params": {
    "n_channels": 21,
    "n_classes": 2,
    "init_shrinkage": 0.1,
    "bimap1_out": 10,
    "bimap2_out": 5,
    "bimap3_out": 2,
    "tangent_dim": 3,
    "architecture": "CovLayer \u2192 Shrinkage \u2192 BiMap \u2192 ReEig \u2192 BiMap \u2192 ReEig \u2192 BiMap \u2192 ReEig \u2192 LogEig \u2192 Linear",
    "reference": "Huang & Van Gool (AAAI 2017)"
  },
  "train_params": {
    "optimizer": "Adam",
    "lr": 0.001,
    "weight_decay": 0.0,
    "loss": "CrossEntropyLoss",
    "epochs": 500,
    "patience": 25,
    "batch_size": 32,
    "train_split": 0.8,
    "val_split_final": 0.9,
    "cv_folds": 5,
    "cv_strategy": "StratifiedKFold",
    "scoring": "balanced_accuracy",
    "seed": 42
  },
  "n_params": 278,
  "n_train": 1170,
  "n_val": 130,
  "n_test": 325,
  "n_ictal_train": 237,
  "n_ictal_val": 23,
  "n_ictal_test": 65,
  "cv_scores": [
    0.9712,
    0.9591,
    0.9928,
    0.9183,
    0.9904
  ],
  "cv_mean": 0.9664,
  "cv_std": 0.0271,
  "train_loss_history": [
    0.648038,
    0.515206,
    0.46298,
    0.431325,
    0.404847,
    0.383762,
    0.363869,
    0.347678,
    0.333409,
    0.321156,
    0.308824,
    0.299726,
    0.290937,
    0.282078,
    0.275431,
    0.266852,
    0.260979,
    0.254813,
    0.249713,
    0.244331,
    0.239348,
    0.234791,
    0.22875,
    0.226731,
    0.222418,
    0.21762,
    0.214293,
    0.210248,
    0.206065,
    0.204694,
    0.200715,
    0.197668,
    0.194104,
    0.191239,
    0.191849,
    0.186141,
    0.18514,
    0.182803,
    0.18016,
    0.178387,
    0.17572,
    0.1744,
    0.171759,
    0.1704,
    0.168407,
    0.167112,
    0.165473,
    0.163782,
    0.162575,
    0.160501,
    0.159301,
    0.158347,
    0.156565,
    0.154834,
    0.153694,
    0.153065,
    0.151328,
    0.149247,
    0.1507,
    0.14749,
    0.145421,
    0.145256,
    0.143709,
    0.141884,
    0.141013,
    0.141112,
    0.141585,
    0.138252,
    0.137593,
    0.136764,
    0.135874,
    0.135255,
    0.133655,
    0.132426,
    0.132033,
    0.130683,
    0.130365,
    0.129926,
    0.12879,
    0.128172,
    0.129114,
    0.128403,
    0.126267,
    0.125296,
    0.126622,
    0.123494,
    0.122958,
    0.122632,
    0.120766,
    0.120727,
    0.119936,
    0.11918,
    0.119019,
    0.120004,
    0.118421,
    0.116914,
    0.116666,
    0.116266,
    0.115461,
    0.11406,
    0.115052,
    0.112832,
    0.115079,
    0.112483,
    0.111926,
    0.111898,
    0.110729,
    0.111259,
    0.110174,
    0.110587,
    0.110597,
    0.111558,
    0.108079,
    0.10847,
    0.106359,
    0.106368,
    0.106297,
    0.106415,
    0.106345,
    0.104758,
    0.106181,
    0.103962,
    0.105242,
    0.103191,
    0.102509,
    0.101554,
    0.101306,
    0.101121,
    0.100731,
    0.100316,
    0.099804,
    0.101485,
    0.09957,
    0.099065,
    0.099559,
    0.097975,
    0.100703,
    0.097673,
    0.098605,
    0.096262,
    0.097122,
    0.098346,
    0.096844,
    0.096257,
    0.095556,
    0.094871,
    0.094094,
    0.094842,
    0.095681,
    0.092744,
    0.093468,
    0.093383,
    0.09375,
    0.092012,
    0.092253,
    0.092711,
    0.091703,
    0.090955,
    0.092035,
    0.090946,
    0.09056,
    0.089603,
    0.089575,
    0.091112,
    0.091602,
    0.089476,
    0.088074,
    0.091477,
    0.090753,
    0.090033,
    0.087242,
    0.087753,
    0.087181,
    0.086721,
    0.086671,
    0.085684,
    0.0863,
    0.085421,
    0.085866,
    0.086057,
    0.085004,
    0.084536,
    0.084715,
    0.08544,
    0.084407,
    0.084565,
    0.083644,
    0.08387,
    0.083475,
    0.084495,
    0.082861,
    0.083361,
    0.083261,
    0.082316,
    0.082067,
    0.082377,
    0.081277,
    0.081832,
    0.081611,
    0.082061,
    0.081028,
    0.080479,
    0.081726,
    0.081898,
    0.080776,
    0.079971,
    0.079692,
    0.080068,
    0.079582,
    0.079428,
    0.078757,
    0.078968,
    0.078274,
    0.08162,
    0.077855,
    0.078355,
    0.07823,
    0.079066,
    0.079001,
    0.077232,
    0.076803,
    0.078665,
    0.077285,
    0.077493,
    0.081764,
    0.078909,
    0.078994,
    0.077609,
    0.076361,
    0.075389,
    0.077183,
    0.075574,
    0.07789,
    0.078909,
    0.075068,
    0.075226,
    0.0749,
    0.07599,
    0.074904,
    0.074443,
    0.076306,
    0.07441,
    0.074089,
    0.075489,
    0.074851,
    0.073437,
    0.073669,
    0.073665,
    0.074087,
    0.072701,
    0.074733,
    0.072521,
    0.072098,
    0.073317,
    0.072103,
    0.073249,
    0.07479,
    0.072474,
    0.071779,
    0.071454,
    0.073393,
    0.071338,
    0.071464,
    0.070901,
    0.071891,
    0.070692,
    0.070724,
    0.070591,
    0.070716,
    0.071351,
    0.072025,
    0.069675,
    0.069968,
    0.070697,
    0.069807,
    0.070221,
    0.070105,
    0.069418,
    0.071181,
    0.069945,
    0.069296,
    0.069255,
    0.070194,
    0.06905,
    0.069267,
    0.069277,
    0.068721,
    0.068359,
    0.071074,
    0.071239,
    0.067784,
    0.067978,
    0.068329,
    0.067903,
    0.067883,
    0.068038,
    0.068607,
    0.067954,
    0.067512,
    0.067201,
    0.067299,
    0.067047,
    0.066655,
    0.070065,
    0.066848,
    0.066732,
    0.066572,
    0.066988
  ],