{
  "patient": "chb02",
  "model": "SPDNet_v2",
  "device": "cuda",
  "model_params": {
    "n_channels": 21,
    "n_classes": 2,
    "subspacedim": 8,
    "reference": "spd_learn SPDNet \u2014 Huang & Van Gool (AAAI 2017), input_type=raw, subspacedim=8"
  },
  "train_params": {
    "optimizer": "Adam",
    "lr": 0.001,
    "weight_decay": 0.0,
    "loss": "CrossEntropyLoss",
    "epochs": 500,
    "patience": 30,
    "batch_size": 32,
    "train_split": 0.8,
    "val_split_final": 0.9,
    "cv_folds": 5,
    "cv_strategy": "StratifiedKFold",
    "scoring": "balanced_accuracy",
    "seed": 42
  },
  "n_params": 242,
  "n_train": 619,
  "n_val": 69,
  "n_test": 172,
  "n_ictal_train": 126,
  "n_ictal_val": 12,
  "n_ictal_test": 34,
  "cv_scores": [
    0.9818,
    1.0,
    0.9821,
    0.9815,
    0.9539
  ],
  "cv_mean": 0.9799,
  "cv_std": 0.0148,
  "train_loss_history": [
    0.57514,
    0.39705,
    0.329453,
    0.297795,
    0.268095,
    0.244457,
    0.216257,
    0.194052,
    0.185949,
    0.16937,
    0.156534,
    0.149183,
    0.139989,
    0.130143,
    0.125826,
    0.120833,
    0.113935,
    0.108451,
    0.10469,
    0.103271,
    0.097826,
    0.094164,
    0.09127,
    0.088938,
    0.084823,
    0.083481,
    0.078742,
    0.076741,
    0.081833,
    0.072059,
    0.070833,
    0.067843,
    0.065729,
    0.070532,
    0.063174,
    0.064201,
    0.061103,
    0.057854,
    0.056341,
    0.05508,
    0.0566,
    0.052813,
    0.052166,
    0.050765,
    0.048778,
    0.048189,
    0.047815,
    0.045807,
    0.044789,
    0.043897,
    0.046081,
    0.043611,
    0.042062,
    0.040277,
    0.039334,
    0.038506,
    0.038936,
    0.037848,
    0.037223,
    0.040091,
    0.035907,
    0.035424,
    0.034203,
    0.035116,
    0.032988,
    0.03224,
    0.031523,
    0.031775,
    0.031974,
    0.029875,
    0.029808,
    0.02912,
    0.028488,
    0.030188,
    0.028725,
    0.028042,
    0.027112,
    0.026981,
    0.025758,
    0.025629,
    0.025241,
    0.025201,
    0.024675,
    0.025533,
    0.025478,
    0.023494,
    0.023606,
    0.023549,
    0.023155,
    0.021753,
    0.022857,
    0.022217,
    0.021044,
    0.021201,
    0.021891,
    0.020628,
    0.021128,
    0.019615,
    0.020965,
    0.018943,
    0.019056,
    0.019567,
    0.018137,
    0.018188,
    0.017576,
    0.01882,
    0.01716,
    0.017857,
    0.017083,
    0.017102,
    0.01646,
    0.016248,
    0.016007,
    0.015747,
    0.015858,
    0.015408,
    0.015307,
    0.015979,
    0.014266,
    0.014948,
    0.014464,
    0.014548,
    0.013743,
    0.013752,
    0.014877,
    0.014081,
    0.013232,
    0.014291,
    0.013063,
    0.012597,
    0.012662,
    0.013174,
    0.01212,
    0.011929,
    0.011811,
    0.011738,
    0.011725,
    0.012098,
    0.012216,
    0.011151,
    0.010842,
    0.010833,
    0.010596,
    0.01101,
    0.01064,
    0.010989,
    0.010691,
    0.010151,
    0.010018,
    0.010004,
    0.009906,
    0.009677,
    0.009482,
    0.009558,
    0.009512,
    0.009125,
    0.009102,
    0.009834,
    0.009441,
    0.009581,
    0.009291,
    0.009067,
    0.008471,
    0.009118,
    0.008382,
    0.008344,
    0.008101,
    0.008284,
    0.00821,
    0.008091,
    0.008136,
    0.008025,
    0.007753,
    0.007887,
    0.007793,
    0.007574,
    0.007446,
    0.007335,
    0.00717,
    0.007497,
    0.007967,
    0.006893,
    0.006841,
    0.006667,
    0.006813,
    0.006861,
    0.006911,
    0.006502,
    0.006371,
    0.006289,
    0.006123,
    0.006353,
    0.006585,
    0.005954,
    0.005974,
    0.00576,
    0.005863,
    0.005722,
    0.005616,
    0.005726,
    0.005794,
    0.005578
  ],
  "val_loss_history": [
    0.446707,
    0.344891,
    0.304434,
    0.275291,
    0.251516,
    0.230126,
    0.21119,
    0.194082,
    0.180036,
    0.166949,
    0.15563,
    0.146462,
    0.138423,
    0.130559,
    0.125023,
    0.119938,
    0.113922,
    0.109417,
    0.105116,
    0.101555,
    0.098076,
    0.094547,
    0.090803,
    0.087729,
    0.086431,
    0.083904,
    0.081031,
    0.079311,
    0.076406,
    0.076983,
    0.073702,
    0.072791,
    0.070179,
    0.068475,
    0.066661,
    0.065005,
    0.066338,
    0.06388,
    0.062867,
    0.061657,
    0.059652,
    0.061145,
    0.060431,
    0.057381,
    0.057192,
    0.055694,
    0.055859,
    0.054667,
    0.053191,
    0.052606,
    0.053171,
    0.053399,
    0.05237,
    0.051061,
    0.049878,
    0.05008,
    0.048787,
    0.049345,
    0.048953,
    0.047054,
    0.048855,
    0.047236,
    0.046595,
    0.044414,
    0.046795,
    0.045718,
    0.044834,
    0.043817,
    0.044036,
    0.045066,
    0.043894,
    0.042083,
    0.042698,
    0.043018,
    0.039796,
    0.04107,
    0.040817,
    0.040515,
    0.04043,
    0.039244,
    0.038915,
    0.039365,
    0.038819,
    0.037543,
    0.040192,
    0.039218,
    0.036592,
    0.038617,
    0.037721,
    0.037496,
    0.036397,
    0.036909,
    0.036583,
    0.035428,
    0.03655,
    0.037654,
    0.035806,
    0.034791,
    0.034738,
    0.036395,
    0.034994,
    0.034243,
    0.034801,
    0.034422,
    0.034766,
    0.033579,
    0.035089,
    0.034183,
    0.032608,
    0.032894,
    0.033175,
    0.031577,
    0.033422,
    0.033565,
    0.03169,
    0.033576,
    0.032772,
    0.031828,
    0.031861,
    0.031432,
    0.033012,
    0.032097,
    0.031913,
    0.032418,
    0.031765,
    0.031739,
    0.033478,
    0.032081,
    0.031711,
    0.030878,
    0.030637,
    0.030343,
    0.031005,
    0.031517,
    0.031107,
    0.030366,
    0.031009,
    0.031076,
    0.031087,
    0.031378,
    0.031049,
    0.030091,
    0.03054,
    0.031222,
    0.029776,
    0.030021,
    0.031098,
    0.032919,
    0.031347,
    0.031106,
    0.031024,
    0.029718,
    0.030504,
    0.030263,
    0.030735,
    0.030393,
    0.030288,
    0.02985,
    0.032074,
    0.030356,
    0.029504,
    0.029456,
    0.031142,
    0.030154,
    0.029632,
    0.031483,
    0.030743,
    0.030685,
    0.030345,
    0.029627,
    0.029411,
    0.029292,
    0.030801,
    0.030456,
    0.029539,
    0.030675,
    0.030251,
    0.030595,
    0.031143,
    0.030618,
    0.031334,
    0.032095,
    0.031435,
    0.031738,
    0.031207,
    0.030002,
    0.030299,
    0.034353,
    0.033026,
    0.032847,
    0.032927,
    0.031904,
    0.03247,
    0.034125,
    0.032543,
    0.031748,
    0.0319,
    0.032006,
    0.032322,
    0.031804,
    0.031719,
    0.032801
  ],
  "best_val_loss": 0.029292,
  "stopped_epoch": 202,
  "test_bAcc": 0.9156,
  "sensitivity": 0.8529,
  "specificity": 0.9783
}