{
  "patient": "chb01",
  "model": "SPDNet_v2",
  "device": "cuda",
  "model_params": {
    "n_channels": 21,
    "n_classes": 2,
    "subspacedim": 8,
    "reference": "spd_learn SPDNet \u2014 Huang & Van Gool (AAAI 2017), input_type=raw, subspacedim=8"
  },
  "train_params": {
    "optimizer": "Adam",
    "lr": 0.001,
    "weight_decay": 0.0,
    "loss": "CrossEntropyLoss",
    "epochs": 500,
    "patience": 30,
    "batch_size": 32,
    "train_split": 0.8,
    "val_split_final": 0.9,
    "cv_folds": 5,
    "cv_strategy": "StratifiedKFold",
    "scoring": "balanced_accuracy",
    "seed": 42
  },
  "n_params": 242,
  "n_train": 1591,
  "n_val": 177,
  "n_test": 442,
  "n_ictal_train": 313,
  "n_ictal_val": 41,
  "n_ictal_test": 88,
  "cv_scores": [
    0.9348,
    0.9454,
    0.963,
    0.9647,
    0.9715
  ],
  "cv_mean": 0.9559,
  "cv_std": 0.0136,
  "train_loss_history": [
    0.455301,
    0.287218,
    0.245597,
    0.221421,
    0.20304,
    0.188288,
    0.176751,
    0.165059,
    0.156618,
    0.148666,
    0.140909,
    0.135581,
    0.1301,
    0.124467,
    0.120172,
    0.116843,
    0.113168,
    0.109096,
    0.106253,
    0.103236,
    0.101055,
    0.098603,
    0.096904,
    0.094726,
    0.092465,
    0.090567,
    0.08832,
    0.086704,
    0.085205,
    0.083623,
    0.082622,
    0.08122,
    0.079729,
    0.078146,
    0.07622,
    0.075341,
    0.07405,
    0.072934,
    0.071973,
    0.070942,
    0.07017,
    0.068872,
    0.068224,
    0.066871,
    0.066408,
    0.065466,
    0.065374,
    0.063781,
    0.062784,
    0.062166,
    0.061425,
    0.061179,
    0.059887,
    0.059293,
    0.058425,
    0.057982,
    0.056784,
    0.056817,
    0.055566,
    0.055417,
    0.054926,
    0.054836,
    0.053775,
    0.0533,
    0.052372,
    0.052172,
    0.051718,
    0.050774,
    0.050168,
    0.049819,
    0.049706,
    0.049206,
    0.04871,
    0.048099,
    0.04769,
    0.047167,
    0.047166,
    0.047069,
    0.045596,
    0.045607,
    0.046272,
    0.044955,
    0.04436,
    0.044525,
    0.044407,
    0.04359,
    0.042915,
    0.042888,
    0.042129,
    0.042057,
    0.042386,
    0.041684,
    0.041167,
    0.041346,
    0.0405,
    0.040229,
    0.03974,
    0.039472,
    0.039579,
    0.039114,
    0.039038,
    0.038256,
    0.038233,
    0.038083,
    0.037541,
    0.037337,
    0.037296,
    0.03706,
    0.036909,
    0.036112,
    0.036094,
    0.036172,
    0.035576,
    0.035918,
    0.035361,
    0.035555,
    0.035132,
    0.034561,
    0.034846,
    0.035393,
    0.033946,
    0.03393,
    0.033483,
    0.03333,
    0.033322,
    0.032634,
    0.032849,
    0.032373,
    0.032584,
    0.032726,
    0.031915,
    0.03255,
    0.033026,
    0.031754,
    0.032881,
    0.031405,
    0.03082,
    0.031107,
    0.030762,
    0.030676,
    0.030414,
    0.030412,
    0.03007,
    0.030175,
    0.030464
  ],
  "val_loss_history": [
    0.339462,
    0.280834,
    0.248479,
    0.224286,
    0.206224,
    0.188945,
    0.175948,
    0.164453,
    0.153315,
    0.145238,
    0.13695,
    0.130828,
    0.125817,
    0.119246,
    0.115363,
    0.110529,
    0.106226,
    0.104056,
    0.100118,
    0.097007,
    0.095333,
    0.092201,
    0.092767,
    0.088483,
    0.086148,
    0.082937,
    0.084448,
    0.080155,
    0.079389,
    0.078305,
    0.076885,
    0.076249,
    0.075198,
    0.072538,
    0.072151,
    0.069633,
    0.069277,
    0.067763,
    0.070215,
    0.067416,
    0.065576,
    0.065763,
    0.064162,
    0.063339,
    0.062731,
    0.061778,
    0.061988,
    0.060528,
    0.060737,
    0.05959,
    0.060705,
    0.059206,
    0.058922,
    0.05839,
    0.059196,
    0.058882,
    0.056825,
    0.055845,
    0.057405,
    0.055847,
    0.055496,
    0.057776,
    0.054577,
    0.055223,
    0.05657,
    0.053232,
    0.054209,
    0.053655,
    0.053847,
    0.053327,
    0.053473,
    0.052436,
    0.052236,
    0.052014,
    0.052838,
    0.051902,
    0.052614,
    0.051878,
    0.053457,
    0.050762,
    0.050874,
    0.050706,
    0.051078,
    0.05042,
    0.052978,
    0.05132,
    0.049946,
    0.050943,
    0.051885,
    0.049783,
    0.049852,
    0.04944,
    0.051114,
    0.050132,
    0.049627,
    0.051059,
    0.048816,
    0.050233,
    0.048607,
    0.049015,
    0.050146,
    0.049611,
    0.049471,
    0.0497,
    0.05058,
    0.049849,
    0.049601,
    0.050311,
    0.048847,
    0.050745,
    0.049156,
    0.051228,
    0.049481,
    0.048892,
    0.048137,
    0.050429,
    0.049381,
    0.049544,
    0.048455,
    0.04978,
    0.049174,
    0.048896,
    0.049387,
    0.049937,
    0.048493,
    0.049049,
    0.049151,
    0.049068,
    0.049927,
    0.049574,
    0.048548,
    0.050094,
    0.050145,
    0.04984,
    0.049857,
    0.049367,
    0.04904,
    0.050293,
    0.049056,
    0.049274,
    0.049082,
    0.050202,
    0.048353,
    0.048314,
    0.050646
  ],
  "best_val_loss": 0.048137,
  "stopped_epoch": 145,
  "test_bAcc": 0.9205,
  "sensitivity": 0.8636,
  "specificity": 0.9774
}