{
  "patient": "chb04",
  "model": "SPDNet_v2",
  "device": "cuda",
  "model_params": {
    "n_channels": 21,
    "n_classes": 2,
    "subspacedim": 8,
    "reference": "spd_learn SPDNet \u2014 Huang & Van Gool (AAAI 2017), input_type=raw, subspacedim=8"
  },
  "train_params": {
    "optimizer": "Adam",
    "lr": 0.001,
    "weight_decay": 0.0,
    "loss": "CrossEntropyLoss",
    "epochs": 500,
    "patience": 30,
    "batch_size": 32,
    "train_split": 0.8,
    "val_split_final": 0.9,
    "cv_folds": 5,
    "cv_strategy": "StratifiedKFold",
    "scoring": "balanced_accuracy",
    "seed": 42
  },
  "n_params": 242,
  "n_train": 1360,
  "n_val": 152,
  "n_test": 378,
  "n_ictal_train": 265,
  "n_ictal_val": 37,
  "n_ictal_test": 76,
  "cv_scores": [
    0.9774,
    0.9671,
    0.9355,
    0.9625,
    0.9751
  ],
  "cv_mean": 0.9635,
  "cv_std": 0.015,
  "train_loss_history": [
    0.408567,
    0.329539,
    0.295981,
    0.267187,
    0.240098,
    0.218007,
    0.199167,
    0.182884,
    0.169959,
    0.159143,
    0.151287,
    0.142153,
    0.136567,
    0.131231,
    0.126116,
    0.120958,
    0.11646,
    0.113588,
    0.11053,
    0.106897,
    0.105794,
    0.10196,
    0.099004,
    0.097251,
    0.095645,
    0.09314,
    0.091117,
    0.088115,
    0.087259,
    0.085028,
    0.084432,
    0.082574,
    0.081503,
    0.079358,
    0.077906,
    0.076373,
    0.078329,
    0.074136,
    0.073198,
    0.073381,
    0.070515,
    0.070864,
    0.07062,
    0.067769,
    0.068006,
    0.066948,
    0.065948,
    0.066005,
    0.064146,
    0.063197,
    0.062195,
    0.062002,
    0.060911,
    0.060493,
    0.059895,
    0.060013,
    0.057904,
    0.056712,
    0.056582,
    0.055079,
    0.055724,
    0.054647,
    0.053879,
    0.054064,
    0.053136,
    0.051898,
    0.051635,
    0.05163,
    0.051723,
    0.049275,
    0.050104,
    0.048869,
    0.048577,
    0.047275,
    0.048558,
    0.04626,
    0.046756,
    0.046655,
    0.045164,
    0.04462,
    0.04357,
    0.044759,
    0.043474,
    0.042526,
    0.042412,
    0.041859,
    0.041426,
    0.041467,
    0.040097,
    0.040635,
    0.040857,
    0.038936,
    0.039041,
    0.038635,
    0.038051,
    0.038882,
    0.037188,
    0.037113,
    0.036774,
    0.036413,
    0.035359,
    0.035739,
    0.036425,
    0.035151,
    0.034621,
    0.03456,
    0.034414,
    0.034255,
    0.032997,
    0.032767,
    0.032563,
    0.032259,
    0.033037,
    0.032013,
    0.031717,
    0.030922,
    0.030681,
    0.030748,
    0.030093,
    0.02992,
    0.030342,
    0.029368,
    0.029012,
    0.03014,
    0.028837,
    0.029353,
    0.028563,
    0.028606,
    0.027782,
    0.028286,
    0.027007,
    0.027052,
    0.027183,
    0.026727,
    0.026821,
    0.02546,
    0.026234,
    0.025729,
    0.025649,
    0.025532,
    0.02513,
    0.024835,
    0.024718,
    0.0244,
    0.02404,
    0.024482,
    0.023264,
    0.023847,
    0.023024,
    0.022822,
    0.023751,
    0.023038,
    0.023105,
    0.022553,
    0.023668,
    0.021719,
    0.022012,
    0.022468,
    0.02262,
    0.022218,
    0.021617,
    0.020801,
    0.021235,
    0.020604,
    0.020879,
    0.020168,
    0.019899,
    0.019924,
    0.019735,
    0.020387,
    0.019633,
    0.019028,
    0.019467,
    0.019367,
    0.019197,
    0.019272,
    0.018305,
    0.018943,
    0.019458,
    0.019635,
    0.019277,
    0.019324,
    0.01879,
    0.018063,
    0.017296,
    0.017369,
    0.017346,
    0.017005,
    0.017627,
    0.017591,
    0.017156,
    0.017289,
    0.016677,
    0.01647,
    0.016808,
    0.016228,
    0.016889,
    0.016049,
    0.016169,
    0.015336,
    0.016405,
    0.015237,
    0.015582,
    0.01542,
    0.01557,
    0.015382,
    0.014925,
    0.015136,
    0.015079,
    0.01447,
    0.014758
  ],
  "val_loss_history": [
    0.445128,
    0.393327,
    0.35392,
    0.315285,
    0.282117,
    0.255159,
    0.235829,
    0.220129,
    0.206686,
    0.193505,
    0.184557,
    0.176243,
    0.167331,
    0.160392,
    0.155476,
    0.150528,
    0.145906,
    0.140921,
    0.135995,
    0.135314,
    0.133191,
    0.129304,
    0.125755,
    0.125195,
    0.118826,
    0.120239,
    0.115199,
    0.115946,
    0.112645,
    0.112636,
    0.110526,
    0.109398,
    0.111039,
    0.107099,
    0.105442,
    0.103672,
    0.102973,
    0.101194,
    0.099205,
    0.099076,
    0.101832,
    0.100909,
    0.099486,
    0.099491,
    0.099105,
    0.095202,
    0.096169,
    0.094007,
    0.092544,
    0.093651,
    0.092343,
    0.09287,
    0.0947,
    0.091262,
    0.092043,
    0.092764,
    0.093456,
    0.091275,
    0.08949,
    0.092519,
    0.092332,
    0.090244,
    0.090571,
    0.087582,
    0.090797,
    0.086753,
    0.092281,
    0.087118,
    0.087382,
    0.089716,
    0.092286,
    0.087351,
    0.091488,
    0.088518,
    0.091345,
    0.086523,
    0.088234,
    0.088104,
    0.08564,
    0.089894,
    0.084817,
    0.085256,
    0.087678,
    0.089589,
    0.087452,
    0.0861,
    0.086774,
    0.088916,
    0.086488,
    0.089239,
    0.084575,
    0.08777,
    0.085773,
    0.084033,
    0.084525,
    0.082358,
    0.086545,
    0.085724,
    0.086955,
    0.084752,
    0.090506,
    0.085668,
    0.085687,
    0.083509,
    0.084194,
    0.089028,
    0.080538,
    0.086331,
    0.079864,
    0.086934,
    0.082246,
    0.087436,
    0.08639,
    0.086151,
    0.083088,
    0.082976,
    0.081126,
    0.084493,
    0.081268,
    0.084596,
    0.081774,
    0.083663,
    0.079575,
    0.08236,
    0.086488,
    0.086628,
    0.081592,
    0.081414,
    0.090632,
    0.082107,
    0.080302,
    0.083872,
    0.083378,
    0.077068,
    0.080983,
    0.085854,
    0.082231,
    0.07807,
    0.088435,
    0.079464,
    0.07779,
    0.08042,
    0.082364,
    0.08695,
    0.082382,
    0.081935,
    0.078653,
    0.078979,
    0.083516,
    0.083704,
    0.082114,
    0.079821,
    0.08194,
    0.087727,
    0.079985,
    0.077492,
    0.075131,
    0.081529,
    0.088884,
    0.08601,
    0.07874,
    0.078034,
    0.077331,
    0.079997,
    0.080227,
    0.078064,
    0.074577,
    0.077117,
    0.084342,
    0.082154,
    0.076575,
    0.077803,
    0.077346,
    0.077818,
    0.081535,
    0.076439,
    0.078237,
    0.080653,
    0.092068,
    0.110022,
    0.065888,
    0.079125,
    0.075563,
    0.072286,
    0.073329,
    0.075895,
    0.074058,
    0.076694,
    0.076849,
    0.075711,
    0.073887,
    0.084348,
    0.072537,
    0.069805,
    0.081925,
    0.071228,
    0.075633,
    0.074642,
    0.074424,
    0.074234,
    0.070738,
    0.070068,
    0.074729,
    0.074797,
    0.07052,
    0.075605,
    0.069839,
    0.088237,
    0.06935,
    0.071932,
    0.070544
  ],
  "best_val_loss": 0.065888,
  "stopped_epoch": 211,
  "test_bAcc": 0.9604,
  "sensitivity": 0.9474,
  "specificity": 0.9735
}