{
  "patient": "chb03",
  "model": "SPDNet_v2",
  "device": "cuda",
  "model_params": {
    "n_channels": 21,
    "n_classes": 2,
    "subspacedim": 8,
    "reference": "spd_learn SPDNet \u2014 Huang & Van Gool (AAAI 2017), input_type=raw, subspacedim=8"
  },
  "train_params": {
    "optimizer": "Adam",
    "lr": 0.001,
    "weight_decay": 0.0,
    "loss": "CrossEntropyLoss",
    "epochs": 500,
    "patience": 30,
    "batch_size": 32,
    "train_split": 0.8,
    "val_split_final": 0.9,
    "cv_folds": 5,
    "cv_strategy": "StratifiedKFold",
    "scoring": "balanced_accuracy",
    "seed": 42
  },
  "n_params": 242,
  "n_train": 1447,
  "n_val": 161,
  "n_test": 402,
  "n_ictal_train": 291,
  "n_ictal_val": 31,
  "n_ictal_test": 80,
  "cv_scores": [
    0.9806,
    0.9691,
    0.9807,
    0.9766,
    0.9395
  ],
  "cv_mean": 0.9693,
  "cv_std": 0.0155,
  "train_loss_history": [
    0.453254,
    0.267723,
    0.217162,
    0.180654,
    0.159593,
    0.141143,
    0.12769,
    0.116013,
    0.108786,
    0.101156,
    0.094448,
    0.092483,
    0.086112,
    0.082779,
    0.078901,
    0.075212,
    0.073246,
    0.0737,
    0.069173,
    0.067155,
    0.064072,
    0.063455,
    0.061014,
    0.059841,
    0.061378,
    0.059053,
    0.054693,
    0.053434,
    0.052674,
    0.054419,
    0.051811,
    0.050202,
    0.048866,
    0.048916,
    0.046995,
    0.04671,
    0.046668,
    0.048966,
    0.045122,
    0.04308,
    0.042749,
    0.04178,
    0.056851,
    0.04129,
    0.040455,
    0.040123,
    0.052776,
    0.038897,
    0.037933,
    0.038297,
    0.037035,
    0.036584,
    0.036751,
    0.035549,
    0.035246,
    0.034702,
    0.034529,
    0.034242,
    0.033765,
    0.033446,
    0.032844,
    0.032606,
    0.032843,
    0.032108,
    0.031473,
    0.031311,
    0.03103,
    0.030555,
    0.03058,
    0.029728
  ],
  "val_loss_history": [
    0.292845,
    0.220823,
    0.185808,
    0.161789,
    0.145022,
    0.132288,
    0.122759,
    0.115438,
    0.10958,
    0.105216,
    0.102069,
    0.097826,
    0.096093,
    0.092164,
    0.090127,
    0.088975,
    0.086593,
    0.083704,
    0.083363,
    0.080326,
    0.078773,
    0.078412,
    0.076686,
    0.076413,
    0.07523,
    0.075676,
    0.074323,
    0.072462,
    0.072179,
    0.071292,
    0.071231,
    0.072013,
    0.070041,
    0.071654,
    0.067215,
    0.068751,
    0.068768,
    0.070449,
    0.066006,
    0.065487,
    0.06732,
    0.066997,
    0.067448,
    0.067887,
    0.068116,
    0.069566,
    0.068244,
    0.068559,
    0.068814,
    0.068046,
    0.069078,
    0.069559,
    0.069167,
    0.069413,
    0.068683,
    0.068423,
    0.070553,
    0.07074,
    0.068674,
    0.069291,
    0.070153,
    0.069836,
    0.071387,
    0.070522,
    0.069574,
    0.07075,
    0.072147,
    0.071193,
    0.071745,
    0.073485
  ],
  "best_val_loss": 0.065487,
  "stopped_epoch": 70,
  "test_bAcc": 0.9735,
  "sensitivity": 0.975,
  "specificity": 0.972
}