{
  "patient": "chb03",
  "model": "SPDNet_classic",
  "device": "cuda",
  "model_params": {
    "n_channels": 21,
    "n_classes": 2,
    "init_shrinkage": 0.1,
    "bimap1_out": 10,
    "bimap2_out": 5,
    "bimap3_out": 2,
    "tangent_dim": 3,
    "architecture": "CovLayer \u2192 Shrinkage \u2192 BiMap \u2192 ReEig \u2192 BiMap \u2192 ReEig \u2192 BiMap \u2192 ReEig \u2192 LogEig \u2192 Linear",
    "reference": "Huang & Van Gool (AAAI 2017)"
  },
  "train_params": {
    "optimizer": "Adam",
    "lr": 0.001,
    "weight_decay": 0.0,
    "loss": "CrossEntropyLoss",
    "epochs": 500,
    "patience": 25,
    "batch_size": 32,
    "train_split": 0.8,
    "val_split_final": 0.9,
    "cv_folds": 5,
    "cv_strategy": "StratifiedKFold",
    "scoring": "balanced_accuracy",
    "seed": 42
  },
  "n_params": 278,
  "n_train": 1447,
  "n_val": 161,
  "n_test": 402,
  "n_ictal_train": 291,
  "n_ictal_val": 31,
  "n_ictal_test": 80,
  "cv_scores": [
    0.9415,
    0.975,
    0.9595,
    0.9785,
    0.9746
  ],
  "cv_mean": 0.9658,
  "cv_std": 0.0138,
  "train_loss_history": [
    0.600106,
    0.496597,
    0.455739,
    0.431919,
    0.403095,
    0.382082,
    0.362246,
    0.339977,
    0.322128,
    0.314775,
    0.294055,
    0.283208,
    0.274471,
    0.262724,
    0.255331,
    0.248992,
    0.238533,
    0.232528,
    0.229801,
    0.219347,
    0.212244,
    0.207338,
    0.205254,
    0.199084,
    0.194076,
    0.190058,
    0.187661,
    0.183403,
    0.179861,
    0.174735,
    0.173477,
    0.170324,
    0.167813,
    0.165901,
    0.161198,
    0.160368,
    0.158848,
    0.155103,
    0.154903,
    0.150841,
    0.149025,
    0.146317,
    0.147219,
    0.143981,
    0.141989,
    0.139767,
    0.140161,
    0.138207,
    0.135468,
    0.134355,
    0.13383,
    0.130654,
    0.132572,
    0.130614,
    0.127992,
    0.131423,
    0.125822,
    0.12398,
    0.131663,
    0.123354,
    0.121674,
    0.120872,
    0.120934,
    0.117826,
    0.117183,
    0.117595,
    0.122193,
    0.11897,
    0.113998,
    0.114895,
    0.113988,
    0.112393,
    0.111382,
    0.11028,
    0.109356,
    0.11053,
    0.110739,
    0.109102,
    0.108998,
    0.107847,
    0.105167,
    0.110498,
    0.106518,
    0.103934,
    0.103776,
    0.103478,
    0.101773,
    0.10085,
    0.102161,
    0.106018,
    0.101201,
    0.099401,
    0.098651,
    0.097424,
    0.100911,
    0.098944,
    0.100165,
    0.101444,
    0.097722,
    0.095997,
    0.097829,
    0.095133,
    0.097682,
    0.097384,
    0.09374,
    0.09727,
    0.094794,
    0.091916,
    0.09825,
    0.092195,
    0.091214,
    0.090842,
    0.090616,
    0.090553,
    0.098814,
    0.089787,
    0.098114,
    0.089665,
    0.0881,
    0.088592,
    0.088905,
    0.087529,
    0.085944,
    0.08678,
    0.085668,
    0.085569,
    0.086511,
    0.086108,
    0.085276,
    0.084928,
    0.088781,
    0.087066,
    0.083982,
    0.085343,
    0.086053,
    0.087856,
    0.083568,
    0.082931,
    0.082388,
    0.082787,
    0.08165,
    0.081411,
    0.083606,
    0.081234,
    0.080638,
    0.082157,
    0.082109,
    0.080514,
    0.080998,
    0.079313,
    0.079924,
    0.080443,
    0.07928,
    0.078697,
    0.078411,
    0.078201,
    0.078512,
    0.077918,
    0.077415,
    0.078243,
    0.079597,
    0.078019,
    0.07823,
    0.076371,
    0.076087,
    0.076753,
    0.076751,
    0.077395,
    0.078142,
    0.075961,
    0.076455,
    0.078463,
    0.0751,
    0.074952,
    0.074723,
    0.074307,
    0.075773,
    0.076053,
    0.076289,
    0.074658,
    0.074171,
    0.074132,
    0.073575,
    0.074233,
    0.072963,
    0.073611,
    0.073147,
    0.072442,
    0.073884,
    0.07437,
    0.076159,
    0.073716,
    0.076651,
    0.076191,
    0.07115,
    0.071283,
    0.070946,
    0.071201,
    0.070265,
    0.074389,
    0.075261,
    0.070894,
    0.07242,
    0.070708,
    0.07068,
    0.070071,
    0.070758,
    0.071422,
    0.073007,
    0.069281,
    0.071408,
    0.069775,
    0.070764,
    0.069731,
    0.069115,
    0.068751,
    0.068059,
    0.069176,
    0.076516,
    0.068468,
    0.067719,
    0.06859,
    0.072027,
    0.067416,
    0.068183,
    0.069555,
    0.070607,
    0.067122,
    0.067608,
    0.066627,
    0.067956,
    0.066246,
    0.067175,
    0.066626,
    0.066384,
    0.066428,
    0.065721,
    0.066295,
    0.065125,
    0.069625,
    0.065633,
    0.065751,
    0.065978,
    0.066159,
    0.065672
  ],
  "val_loss_history": [
    0.525794,
    0.468539,
    0.43366,
    0.402712,
    0.376318,
    0.352917,
    0.333131,
    0.315448,
    0.299709,
    0.285271,
    0.271766,
    0.260816,
    0.249778,
    0.239913,
    0.23036,
    0.222885,
    0.215699,
    0.208542,
    0.202657,
    0.195579,
    0.19037,
    0.185828,
    0.181052,
    0.177544,
    0.172535,
    0.168768,
    0.165702,
    0.161852,
    0.159212,
    0.156161,
    0.153276,
    0.151831,
    0.148277,
    0.146201,
    0.143503,
    0.142038,
    0.139557,
    0.137429,
    0.135909,
    0.133792,
    0.132664,
    0.13121,
    0.129325,
    0.126999,
    0.125999,
    0.124119,
    0.123534,
    0.121982,
    0.120682,
    0.119958,
    0.119479,
    0.11819,
    0.116643,
    0.116226,
    0.114386,
    0.114041,
    0.110622,
    0.111923,
    0.110457,
    0.109662,
    0.108064,
    0.109269,
    0.107036,
    0.106687,
    0.10629,
    0.105653,
    0.104535,
    0.102947,
    0.10423,
    0.103388,
    0.103364,
    0.101042,
    0.10209,
    0.101031,
    0.101394,
    0.099587,
    0.099384,
    0.097601,
    0.097126,
    0.098923,
    0.098495,
    0.098721,
    0.096396,
    0.094787,
    0.095548,
    0.095273,
    0.093719,
    0.095488,
    0.093459,
    0.093885,
    0.093155,
    0.093681,
    0.091689,
    0.093567,
    0.091443,
    0.090618,
    0.092191,
    0.088584,
    0.090872,
    0.089034,
    0.088426,
    0.089473,
    0.088548,
    0.087584,
    0.086324,
    0.088967,
    0.085354,
    0.087235,
    0.08529,
    0.087239,
    0.085175,
    0.084938,
    0.084729,
    0.085612,
    0.084852,
    0.08207,
    0.086607,
    0.084378,
    0.085043,
    0.083904,
    0.082582,
    0.083893,
    0.081493,
    0.081218,
    0.082155,
    0.081333,
    0.083009,
    0.083481,
    0.080102,
    0.081295,
    0.078787,
    0.082124,
    0.081484,
    0.078681,
    0.081436,
    0.079464,
    0.081532,
    0.078017,
    0.077349,
    0.079817,
    0.077876,
    0.079362,
    0.079785,
    0.078183,
    0.076932,
    0.080986,
    0.079403,
    0.077152,
    0.076313,
    0.077893,
    0.076321,
    0.074673,
    0.07869,
    0.075117,
    0.076786,
    0.076867,
    0.076117,
    0.075141,
    0.072588,
    0.073082,
    0.074467,
    0.074012,
    0.072662,
    0.076557,
    0.074016,
    0.073932,
    0.073596,
    0.071862,
    0.073899,
    0.077163,
    0.071753,
    0.072676,
    0.076301,
    0.07578,
    0.070548,
    0.069877,
    0.073736,
    0.071215,
    0.072145,
    0.072439,
    0.073997,
    0.069803,
    0.071092,
    0.072117,
    0.070971,
    0.072579,
    0.070715,
    0.071435,
    0.069685,
    0.069456,
    0.069594,
    0.071135,
    0.068185,
    0.068209,
    0.068123,
    0.065397,
    0.070879,
    0.066942,
    0.068253,
    0.067334,
    0.068259,
    0.067035,
    0.065563,
    0.065473,
    0.067563,
    0.065908,
    0.066523,
    0.069508,
    0.066434,
    0.06585,
    0.073206,
    0.066225,
    0.067849,
    0.070181,
    0.064994,
    0.067352,
    0.06819,
    0.066798,
    0.070136,
    0.061978,
    0.065204,
    0.064991,
    0.065385,
    0.065316,
    0.064861,
    0.067456,
    0.066648,
    0.069119,
    0.066985,
    0.066243,
    0.064483,
    0.064752,
    0.067827,
    0.064136,
    0.064791,
    0.06409,
    0.064765,
    0.069112,
    0.063665,
    0.063508,
    0.065578,
    0.067379,
    0.064618,
    0.065135,
    0.067122
  ],
  "best_val_loss": 0.061978,
  "stopped_epoch": 245,