{
  "patient": "chb13",
  "model": "SPDNet_classic",
  "device": "cuda",
  "model_params": {
    "n_channels": 21,
    "n_classes": 2,
    "init_shrinkage": 0.1,
    "bimap1_out": 10,
    "bimap2_out": 5,
    "bimap3_out": 2,
    "tangent_dim": 3,
    "architecture": "CovLayer \u2192 Shrinkage \u2192 BiMap \u2192 ReEig \u2192 BiMap \u2192 ReEig \u2192 BiMap \u2192 ReEig \u2192 LogEig \u2192 Linear",
    "reference": "Huang & Van Gool (AAAI 2017)"
  },
  "train_params": {
    "optimizer": "Adam",
    "lr": 0.001,
    "weight_decay": 0.0,
    "loss": "CrossEntropyLoss",
    "epochs": 500,
    "patience": 25,
    "batch_size": 32,
    "train_split": 0.8,
    "val_split_final": 0.9,
    "cv_folds": 5,
    "cv_strategy": "StratifiedKFold",
    "scoring": "balanced_accuracy",
    "seed": 42
  },
  "n_params": 278,
  "n_train": 1584,
  "n_val": 176,
  "n_test": 440,
  "n_ictal_train": 311,
  "n_ictal_val": 41,
  "n_ictal_test": 88,
  "cv_scores": [
    0.8144,
    0.8002,
    0.8733,
    0.8414,
    0.8626
  ],
  "cv_mean": 0.8384,
  "cv_std": 0.0277,
  "train_loss_history": [
    0.689739,
    0.571573,
    0.516777,
    0.481764,
    0.448332,
    0.417172,
    0.394114,
    0.375943,
    0.362381,
    0.349925,
    0.338855,
    0.329333,
    0.320655,
    0.313802,
    0.306342,
    0.301452,
    0.297288,
    0.289844,
    0.286739,
    0.281375,
    0.276512,
    0.272487,
    0.269105,
    0.267674,
    0.264032,
    0.261421,
    0.259704,
    0.255431,
    0.254447,
    0.253955,
    0.251276,
    0.248875,
    0.246967,
    0.24512,
    0.245412,
    0.242437,
    0.241347,
    0.239359,
    0.237875,
    0.234964,
    0.236879,
    0.236068,
    0.234233,
    0.232317,
    0.234014,
    0.233901,
    0.229663,
    0.228611,
    0.230274,
    0.228356,
    0.228307,
    0.227689,
    0.226096,
    0.225427,
    0.225178,
    0.224933,
    0.225701,
    0.223675,
    0.223036,
    0.223377,
    0.226622,
    0.223218,
    0.22138,
    0.223615,
    0.222053,
    0.222882,
    0.221698,
    0.219811,
    0.222317,
    0.218444,
    0.219652,
    0.217236,
    0.220088,
    0.217573,
    0.218375,
    0.216107,
    0.218325,
    0.216746,
    0.217494,
    0.216625,
    0.216082,
    0.217212,
    0.214439,
    0.214513,
    0.214539,
    0.214723,
    0.214145,
    0.21453,
    0.213678,
    0.213622,
    0.214284,
    0.213415,
    0.213393,
    0.213511,
    0.213491,
    0.212945,
    0.211967,
    0.213019,
    0.211354,
    0.211939,
    0.212908,
    0.212565,
    0.212761,
    0.214284,
    0.212851,
    0.214104,
    0.210516,
    0.21309,
    0.210433,
    0.212724,
    0.211017,
    0.212054,
    0.214274,
    0.210242,
    0.211015,
    0.211888,
    0.212638,
    0.211996,
    0.210552,
    0.212508,
    0.210749,
    0.211049,
    0.212287,
    0.213263,
    0.214947,
    0.211076,
    0.209757,
    0.21328,
    0.211778,
    0.209517,
    0.212464,
    0.210096,
    0.209656,
    0.210143,
    0.214998,
    0.209941,
    0.210058,
    0.209071,
    0.210476,
    0.209543,
    0.212071,
    0.211284,
    0.210749,
    0.209562,
    0.212398,
    0.21118,
    0.212553,
    0.209305,
    0.209571,
    0.209898,
    0.209394,
    0.207725,
    0.208043,
    0.21187,
    0.212217,
    0.20815,
    0.208601,
    0.210716,
    0.208504,
    0.209592,
    0.211462,
    0.2102,
    0.208854,
    0.209243,
    0.210177,
    0.209079,
    0.208299,
    0.207834,
    0.208218,
    0.209409,
    0.209989,
    0.209361,
    0.209101,
    0.209197,
    0.207455,
    0.208591,
    0.210186,
    0.20988,
    0.210555,
    0.210609,
    0.211553,
    0.208691,
    0.208022,
    0.208908,
    0.208622,
    0.208233,
    0.20775,
    0.207699,
    0.211292,
    0.210402,
    0.20915,
    0.208202,
    0.209188,
    0.208893,
    0.211647,
    0.208468,
    0.209197,
    0.209503,
    0.207654
  ],
  "val_loss_history": [
    0.632551,
    0.561643,
    0.525415,
    0.489531,
    0.451756,
    0.42346,
    0.400823,
    0.384351,
    0.369831,
    0.357087,
    0.346249,
    0.337476,
    0.327026,
    0.321911,
    0.311188,
    0.305033,
    0.299441,
    0.293855,
    0.287296,
    0.283311,
    0.278475,
    0.275066,
    0.269212,
    0.266469,
    0.262864,
    0.259633,
    0.256919,
    0.253884,
    0.25311,
    0.24811,
    0.244901,
    0.244792,
    0.241325,
    0.238926,
    0.238104,
    0.235314,
    0.235058,
    0.232317,
    0.232536,
    0.229431,
    0.227462,
    0.230421,
    0.227342,
    0.22356,
    0.22209,
    0.220746,
    0.220919,
    0.219719,
    0.218298,
    0.216411,
    0.217478,
    0.215196,
    0.215651,
    0.212832,
    0.212655,
    0.210417,
    0.210953,
    0.209575,
    0.208829,
    0.207839,
    0.211034,
    0.208297,
    0.208086,
    0.207599,
    0.207001,
    0.205465,
    0.204816,
    0.206233,
    0.203783,
    0.202815,
    0.202994,
    0.201081,
    0.201095,
    0.20042,
    0.199891,
    0.199788,
    0.200581,
    0.199252,
    0.197958,
    0.198881,
    0.199007,
    0.197844,
    0.195656,
    0.196191,
    0.196051,
    0.196668,
    0.196379,
    0.195355,
    0.195474,
    0.196967,
    0.195008,
    0.19458,
    0.194476,
    0.194172,
    0.193356,
    0.194007,
    0.19399,
    0.194217,
    0.193117,
    0.193857,
    0.192095,
    0.192061,
    0.191974,
    0.191262,
    0.192194,
    0.192257,
    0.19129,
    0.191052,
    0.192307,
    0.190546,
    0.193092,
    0.192684,
    0.191114,
    0.191309,
    0.191166,
    0.192477,
    0.19152,
    0.19088,
    0.188786,
    0.189871,
    0.191082,
    0.190075,
    0.189542,
    0.190567,
    0.189531,
    0.189367,
    0.190486,
    0.190472,
    0.189507,
    0.188428,
    0.19105,
    0.189344,
    0.188889,
    0.188292,
    0.188078,
    0.189023,
    0.189613,
    0.188799,
    0.190119,
    0.188444,
    0.188978,
    0.187856,
    0.187358,
    0.188752,
    0.187562,
    0.188002,
    0.188616,
    0.188549,
    0.189219,
    0.188929,
    0.189543,
    0.187815,
    0.188501,
    0.187217,
    0.186907,
    0.188197,
    0.187547,
    0.188224,
    0.188564,
    0.188672,
    0.187923,
    0.188687,
    0.187893,
    0.188655,
    0.187217,
    0.187247,
    0.188095,
    0.187578,
    0.188874,
    0.188068,
    0.189423,
    0.186995,
    0.186731,
    0.186107,
    0.187767,
    0.187322,
    0.187249,
    0.187779,
    0.186264,
    0.189091,
    0.189969,
    0.186396,
    0.187229,
    0.187556,
    0.186318,
    0.186701,
    0.18762,
    0.188098,
    0.187118,
    0.186249,
    0.187076,
    0.186858,
    0.18603,
    0.187926,
    0.18702,
    0.187096,
    0.186607,
    0.186335,
    0.187164
  ],
  "best_val_loss": 0.186107,
  "stopped_epoch": 199,
  "test_bAcc": 0.8224,
  "sensitivity": 0.7045,
  "specificity": 0.9403
}