{
  "patient": "chb17",
  "model": "SPDNet_classic",
  "device": "cuda",
  "model_params": {
    "n_channels": 21,
    "n_classes": 2,
    "init_shrinkage": 0.1,
    "bimap1_out": 10,
    "bimap2_out": 5,
    "bimap3_out": 2,
    "tangent_dim": 3,
    "architecture": "CovLayer \u2192 Shrinkage \u2192 BiMap \u2192 ReEig \u2192 BiMap \u2192 ReEig \u2192 BiMap \u2192 ReEig \u2192 LogEig \u2192 Linear",
    "reference": "Huang & Van Gool (AAAI 2017)"
  },
  "train_params": {
    "optimizer": "Adam",
    "lr": 0.001,
    "weight_decay": 0.0,
    "loss": "CrossEntropyLoss",
    "epochs": 500,
    "patience": 25,
    "batch_size": 32,
    "train_split": 0.8,
    "val_split_final": 0.9,
    "cv_folds": 5,
    "cv_strategy": "StratifiedKFold",
    "scoring": "balanced_accuracy",
    "seed": 42
  },
  "n_params": 278,
  "n_train": 1054,
  "n_val": 118,
  "n_test": 293,
  "n_ictal_train": 205,
  "n_ictal_val": 29,
  "n_ictal_test": 59,
  "cv_scores": [
    0.8191,
    0.7926,
    0.8263,
    0.8403,
    0.8189
  ],
  "cv_mean": 0.8194,
  "cv_std": 0.0155,
  "train_loss_history": [
    0.570928,
    0.485267,
    0.446386,
    0.420323,
    0.40169,
    0.386924,
    0.375353,
    0.365555,
    0.358,
    0.350105,
    0.343152,
    0.337292,
    0.331276,
    0.326255,
    0.322003,
    0.316317,
    0.311986,
    0.307841,
    0.304027,
    0.300636,
    0.297086,
    0.293692,
    0.29089,
    0.287972,
    0.285193,
    0.283005,
    0.279828,
    0.278152,
    0.276019,
    0.273936,
    0.271659,
    0.270299,
    0.268291,
    0.265938,
    0.26484,
    0.263507,
    0.261847,
    0.260022,
    0.259216,
    0.257796,
    0.255937,
    0.255438,
    0.253648,
    0.251991,
    0.251214,
    0.250831,
    0.251625,
    0.249128,
    0.247259,
    0.245662,
    0.244555,
    0.244376,
    0.243469,
    0.243425,
    0.241711,
    0.240921,
    0.240143,
    0.24046,
    0.239089,
    0.238136,
    0.237081,
    0.237044,
    0.236663,
    0.235534,
    0.234994,
    0.234439,
    0.233023,
    0.231805,
    0.232604,
    0.231003,
    0.232564,
    0.230708,
    0.229914,
    0.229218,
    0.228558,
    0.228965,
    0.228704,
    0.229137,
    0.22648,
    0.225733,
    0.226039,
    0.225022,
    0.22459,
    0.22388,
    0.224786,
    0.225476,
    0.221887,
    0.222902,
    0.221162,
    0.220789,
    0.220638,
    0.2211,
    0.220482,
    0.220945,
    0.219975,
    0.218242,
    0.219441,
    0.218365,
    0.21793,
    0.219457,
    0.21721,
    0.217886,
    0.216721,
    0.215915,
    0.215834,
    0.214617,
    0.214261,
    0.214915,
    0.214589,
    0.213176,
    0.213701,
    0.213815,
    0.212297,
    0.212653,
    0.211927,
    0.212285,
    0.210421,
    0.211012,
    0.212124,
    0.210652,
    0.210178,
    0.209358,
    0.210115,
    0.210595,
    0.209554,
    0.210623,
    0.207566,
    0.208747,
    0.20766,
    0.208979,
    0.206929,
    0.207359,
    0.2063,
    0.206801,
    0.206365,
    0.206691,
    0.205395,
    0.205746,
    0.205162
  ],
  "val_loss_history": [
    0.568585,
    0.5265,
    0.49775,
    0.474308,
    0.456305,
    0.442101,
    0.431267,
    0.421798,
    0.414529,
    0.406661,
    0.399008,
    0.390621,
    0.385299,
    0.379736,
    0.376457,
    0.37017,
    0.364903,
    0.36025,
    0.356959,
    0.352241,
    0.349663,
    0.344505,
    0.342892,
    0.338048,
    0.336289,
    0.332032,
    0.3314,
    0.327313,
    0.328124,
    0.323127,
    0.322591,
    0.321304,
    0.320385,
    0.315227,
    0.316458,
    0.313058,
    0.310542,
    0.3109,
    0.307283,
    0.309832,
    0.30603,
    0.302898,
    0.303334,
    0.302071,
    0.301254,
    0.300904,
    0.300044,
    0.298878,
    0.297169,
    0.295847,
    0.294725,
    0.295137,
    0.292742,
    0.293793,
    0.292108,
    0.291439,
    0.290484,
    0.291593,
    0.28905,
    0.290834,
    0.289246,
    0.28727,
    0.28794,
    0.285214,
    0.286851,
    0.286627,
    0.284607,
    0.285141,
    0.284332,
    0.283526,
    0.287599,
    0.282061,
    0.282357,
    0.282492,
    0.281796,
    0.282193,
    0.281854,
    0.280635,
    0.281641,
    0.282602,
    0.280561,
    0.279807,
    0.280844,
    0.280126,
    0.279517,
    0.279009,
    0.279143,
    0.278758,
    0.279603,
    0.281862,
    0.276081,
    0.276526,
    0.280753,
    0.277333,
    0.278334,
    0.277227,
    0.278773,
    0.27501,
    0.280461,
    0.281054,
    0.276951,
    0.276912,
    0.277288,
    0.275711,
    0.276437,
    0.275578,
    0.27747,
    0.277192,
    0.275679,
    0.276399,
    0.278628,
    0.273997,
    0.276466,
    0.271735,
    0.278849,
    0.27254,
    0.276376,
    0.273501,
    0.273308,
    0.27543,
    0.276282,
    0.274177,
    0.275569,
    0.274756,
    0.275316,
    0.275423,
    0.275554,
    0.275533,
    0.273171,
    0.273959,
    0.275191,
    0.277099,
    0.273145,
    0.273354,
    0.27588,
    0.279043,
    0.27383,
    0.276631,
    0.274659
  ],
  "best_val_loss": 0.271735,
  "stopped_epoch": 139,
  "test_bAcc": 0.7965,
  "sensitivity": 0.6271,
  "specificity": 0.9658
}