{
  "patient": "chb12",
  "model": "SPDNet_v2",
  "device": "cuda",
  "model_params": {
    "n_channels": 21,
    "n_classes": 2,
    "subspacedim": 8,
    "reference": "spd_learn SPDNet \u2014 Huang & Van Gool (AAAI 2017), input_type=raw, subspacedim=8"
  },
  "train_params": {
    "optimizer": "Adam",
    "lr": 0.001,
    "weight_decay": 0.0,
    "loss": "CrossEntropyLoss",
    "epochs": 500,
    "patience": 30,
    "batch_size": 32,
    "train_split": 0.8,
    "val_split_final": 0.9,
    "cv_folds": 5,
    "cv_strategy": "StratifiedKFold",
    "scoring": "balanced_accuracy",
    "seed": 42
  },
  "n_params": 242,
  "n_train": 5310,
  "n_val": 590,
  "n_test": 1475,
  "n_ictal_train": 1054,
  "n_ictal_val": 126,
  "n_ictal_test": 295,
  "cv_scores": [
    0.768,
    0.7791,
    0.768,
    0.821,
    0.785
  ],
  "cv_mean": 0.7842,
  "cv_std": 0.0195,
  "train_loss_history": [
    0.446238,
    0.38195,
    0.348556,
    0.325523,
    0.309144,
    0.297597,
    0.289808,
    0.284271,
    0.278509,
    0.275013,
    0.27244,
    0.270083,
    0.267828,
    0.266245,
    0.264465,
    0.263582,
    0.26236,
    0.261545,
    0.26074,
    0.260307,
    0.259803,
    0.258317,
    0.25805,
    0.257299,
    0.257079,
    0.257948,
    0.257127,
    0.256121,
    0.255831,
    0.25486,
    0.255751,
    0.25509,
    0.254351,
    0.254597,
    0.254543,
    0.253411,
    0.253916,
    0.253812,
    0.253509,
    0.253594,
    0.253414,
    0.253567
  ],
  "val_loss_history": [
    0.429434,
    0.395594,
    0.366157,
    0.351226,
    0.34034,
    0.336564,
    0.333548,
    0.327935,
    0.32848,
    0.325377,
    0.326737,
    0.325234,
    0.329555,
    0.328283,
    0.331091,
    0.326801,
    0.330141,
    0.331587,
    0.333122,
    0.335086,
    0.333421,
    0.330595,
    0.332397,
    0.334003,
    0.337935,
    0.335304,
    0.337544,
    0.333839,
    0.338239,
    0.335688,
    0.335626,
    0.336782,
    0.339623,
    0.339314,
    0.338224,
    0.340167,
    0.340484,
    0.340512,
    0.340301,
    0.337082,
    0.339516,
    0.339572
  ],
  "best_val_loss": 0.325234,
  "stopped_epoch": 42,
  "test_bAcc": 0.7581,
  "sensitivity": 0.5797,
  "specificity": 0.9364
}