{
  "patient": "chb11",
  "model": "SPDNet_v2",
  "device": "cuda",
  "model_params": {
    "n_channels": 21,
    "n_classes": 2,
    "subspacedim": 8,
    "reference": "spd_learn SPDNet \u2014 Huang & Van Gool (AAAI 2017), input_type=raw, subspacedim=8"
  },
  "train_params": {
    "optimizer": "Adam",
    "lr": 0.001,
    "weight_decay": 0.0,
    "loss": "CrossEntropyLoss",
    "epochs": 500,
    "patience": 30,
    "batch_size": 32,
    "train_split": 0.8,
    "val_split_final": 0.9,
    "cv_folds": 5,
    "cv_strategy": "StratifiedKFold",
    "scoring": "balanced_accuracy",
    "seed": 42
  },
  "n_params": 242,
  "n_train": 2901,
  "n_val": 323,
  "n_test": 806,
  "n_ictal_train": 584,
  "n_ictal_val": 61,
  "n_ictal_test": 161,
  "cv_scores": [
    0.9816,
    0.9709,
    0.9952,
    0.9816,
    0.9758
  ],
  "cv_mean": 0.981,
  "cv_std": 0.0081,
  "train_loss_history": [
    0.383921,
    0.21041,
    0.153252,
    0.126132,
    0.107851,
    0.095035,
    0.085288,
    0.07726,
    0.071404,
    0.066125,
    0.062089,
    0.058629,
    0.055195,
    0.05226,
    0.049537,
    0.047593,
    0.045926,
    0.04342,
    0.043615,
    0.040745,
    0.038833,
    0.037576,
    0.036337,
    0.035417,
    0.034187,
    0.032847,
    0.032251,
    0.031888,
    0.029667,
    0.029276,
    0.02822,
    0.027573,
    0.027077,
    0.02681,
    0.02525,
    0.025041,
    0.024081,
    0.023279,
    0.022407,
    0.022022,
    0.021741,
    0.020836,
    0.020195,
    0.019849,
    0.019049,
    0.019396,
    0.018431,
    0.017784,
    0.017361,
    0.017182,
    0.016621,
    0.016373,
    0.016072,
    0.015545,
    0.015243,
    0.015288,
    0.014819,
    0.014523,
    0.01399,
    0.01376,
    0.013823,
    0.013133,
    0.013139,
    0.012878,
    0.012764,
    0.012597,
    0.012239,
    0.011794,
    0.011663,
    0.012045,
    0.011157,
    0.011142,
    0.011076,
    0.010821,
    0.010662,
    0.010665,
    0.010239,
    0.010258,
    0.010115,
    0.010037,
    0.009847,
    0.009804,
    0.009401
  ],
  "val_loss_history": [
    0.258359,
    0.177095,
    0.143814,
    0.124017,
    0.111022,
    0.10182,
    0.092925,
    0.08677,
    0.081734,
    0.077629,
    0.074327,
    0.071272,
    0.067736,
    0.066833,
    0.063422,
    0.061359,
    0.060417,
    0.05876,
    0.057771,
    0.055989,
    0.054596,
    0.054742,
    0.054681,
    0.057588,
    0.052251,
    0.051865,
    0.050313,
    0.051086,
    0.050768,
    0.050889,
    0.049705,
    0.049847,
    0.05074,
    0.049025,
    0.047355,
    0.048141,
    0.04737,
    0.04779,
    0.047243,
    0.047811,
    0.047149,
    0.04739,
    0.045925,
    0.046267,
    0.045472,
    0.043891,
    0.045297,
    0.044532,
    0.044396,
    0.044251,
    0.042678,
    0.042157,
    0.042035,
    0.043117,
    0.04538,
    0.042903,
    0.043793,
    0.043212,
    0.043156,
    0.04299,
    0.042472,
    0.044423,
    0.04327,
    0.044142,
    0.043057,
    0.043266,
    0.042875,
    0.045586,
    0.044423,
    0.04488,
    0.044105,
    0.043888,
    0.047493,
    0.045035,
    0.046989,
    0.045222,
    0.046611,
    0.046457,
    0.048466,
    0.046569,
    0.049839,
    0.048638,
    0.048257
  ],
  "best_val_loss": 0.042035,
  "stopped_epoch": 83,
  "test_bAcc": 0.979,
  "sensitivity": 0.9689,
  "specificity": 0.9891
}