{
  "patient": "chb16",
  "model": "SPDNet_classic",
  "device": "cuda",
  "model_params": {
    "n_channels": 21,
    "n_classes": 2,
    "init_shrinkage": 0.1,
    "bimap1_out": 10,
    "bimap2_out": 5,
    "bimap3_out": 2,
    "tangent_dim": 3,
    "architecture": "CovLayer \u2192 Shrinkage \u2192 BiMap \u2192 ReEig \u2192 BiMap \u2192 ReEig \u2192 BiMap \u2192 ReEig \u2192 LogEig \u2192 Linear",
    "reference": "Huang & Van Gool (AAAI 2017)"
  },
  "train_params": {
    "optimizer": "Adam",
    "lr": 0.001,
    "weight_decay": 0.0,
    "loss": "CrossEntropyLoss",
    "epochs": 500,
    "patience": 25,
    "batch_size": 32,
    "train_split": 0.8,
    "val_split_final": 0.9,
    "cv_folds": 5,
    "cv_strategy": "StratifiedKFold",
    "scoring": "balanced_accuracy",
    "seed": 42
  },
  "n_params": 278,
  "n_train": 248,
  "n_val": 28,
  "n_test": 69,
  "n_ictal_train": 52,
  "n_ictal_val": 3,
  "n_ictal_test": 14,
  "cv_scores": [
    0.8303,
    0.75,
    0.75,
    0.75,
    0.7614
  ],
  "cv_mean": 0.7683,
  "cv_std": 0.0313,
  "train_loss_history": [
    0.826728,
    0.783891,
    0.74874,
    0.718565,
    0.688527,
    0.669551,
    0.651189,
    0.635483,
    0.622491,
    0.609121,
    0.594989,
    0.587672,
    0.579873,
    0.577241,
    0.564666,
    0.561566,
    0.549494,
    0.546593,
    0.535498,
    0.532056,
    0.528852,
    0.519232,
    0.511305,
    0.502995,
    0.502761,
    0.49779,
    0.48936,
    0.48708,
    0.486789,
    0.475535,
    0.474544,
    0.472288,
    0.466614,
    0.463465,
    0.45995,
    0.45212,
    0.455546,
    0.445337,
    0.444109,
    0.447786,
    0.443054,
    0.437024,
    0.431116,
    0.427679,
    0.431634,
    0.426573,
    0.422438,
    0.421747,
    0.417259,
    0.412426,
    0.41484,
    0.41153,
    0.415118,
    0.409888,
    0.408279,
    0.403996,
    0.402994,
    0.400606,
    0.393967,
    0.392393,
    0.394659,
    0.391677,
    0.391136,
    0.391842,
    0.388929,
    0.38447,
    0.383228,
    0.379946,
    0.378587,
    0.380248,
    0.382434,
    0.375142,
    0.375373,
    0.372022,
    0.376792,
    0.37195,
    0.37146,
    0.36654,
    0.366253,
    0.36317,
    0.365666,
    0.362678,
    0.362423,
    0.358674,
    0.356168,
    0.35593,
    0.354045,
    0.357316,
    0.352142,
    0.352259,
    0.353138,
    0.350903,
    0.346077,
    0.34713,
    0.347532,
    0.341823,
    0.347903,
    0.344068,
    0.342088,
    0.342489,
    0.340689,
    0.338635,
    0.338999,
    0.339532,
    0.339519,
    0.335094,
    0.338263,
    0.331707,
    0.336478,
    0.332442,
    0.329483,
    0.329368,
    0.327339,
    0.330366,
    0.326873,
    0.326838,
    0.328365,
    0.324313,
    0.325215,
    0.323879,
    0.322962,
    0.322407,
    0.322727,
    0.319721,
    0.318487,
    0.319204,
    0.315695,
    0.317397,
    0.320143,
    0.314556,
    0.318701,
    0.310901,
    0.310902,
    0.309609,
    0.310884,
    0.31299,
    0.311729,
    0.316606,
    0.311709,
    0.308041,
    0.308022,
    0.307451,
    0.305755,
    0.304848,
    0.306346,
    0.305798,
    0.304038,
    0.302401
  ],
  "val_loss_history": [
    0.799094,
    0.734138,
    0.677954,
    0.631801,
    0.594568,
    0.563851,
    0.540079,
    0.520593,
    0.503634,
    0.488749,
    0.475871,
    0.46515,
    0.455153,
    0.445613,
    0.436674,
    0.429175,
    0.422469,
    0.416072,
    0.410007,
    0.404053,
    0.398745,
    0.394768,
    0.389728,
    0.386405,
    0.379347,
    0.375056,
    0.372702,
    0.370863,
    0.365241,
    0.361996,
    0.358267,
    0.355251,
    0.352734,
    0.349633,
    0.348048,
    0.344939,
    0.34148,
    0.336903,
    0.334728,
    0.331577,
    0.331212,
    0.333384,
    0.328773,
    0.325466,
    0.317958,
    0.319408,
    0.322252,
    0.318156,
    0.316637,
    0.31556,
    0.314815,
    0.3109,
    0.306048,
    0.310215,
    0.308744,
    0.30725,
    0.306388,
    0.305304,
    0.305775,
    0.302164,
    0.294954,
    0.294241,
    0.298908,
    0.296592,
    0.295915,
    0.297425,
    0.296038,
    0.296878,
    0.294692,
    0.289999,
    0.287007,
    0.292059,
    0.296261,
    0.287809,
    0.284159,
    0.288001,
    0.288301,
    0.288412,
    0.285576,
    0.282684,
    0.282047,
    0.288192,
    0.285298,
    0.282201,
    0.279722,
    0.281973,
    0.27984,
    0.275842,
    0.279179,
    0.280632,
    0.278024,
    0.279673,
    0.279684,
    0.276028,
    0.273548,
    0.278065,
    0.269123,
    0.275907,
    0.28071,
    0.271902,
    0.270286,
    0.27245,
    0.276219,
    0.278432,
    0.274447,
    0.274467,
    0.270366,
    0.272425,
    0.270329,
    0.276987,
    0.276916,
    0.266449,
    0.267868,
    0.265588,
    0.270887,
    0.271937,
    0.269586,
    0.265403,
    0.267554,
    0.266643,
    0.275877,
    0.267942,
    0.258359,
    0.266112,
    0.26999,
    0.270138,
    0.26618,
    0.260202,
    0.267282,
    0.269227,
    0.267729,
    0.264645,
    0.26575,
    0.266306,
    0.2612,
    0.259285,
    0.271259,
    0.261932,
    0.270305,
    0.274427,
    0.265225,
    0.25861,
    0.261489,
    0.266641,
    0.272198,
    0.260692,
    0.259508,
    0.263075
  ],
  "best_val_loss": 0.258359,
  "stopped_epoch": 148,
  "test_bAcc": 0.5351,
  "sensitivity": 0.1429,
  "specificity": 0.9273
}