{
  "patient": "chb16",
  "model": "SPDNet_v2",
  "device": "cuda",
  "model_params": {
    "n_channels": 21,
    "n_classes": 2,
    "subspacedim": 8,
    "reference": "spd_learn SPDNet \u2014 Huang & Van Gool (AAAI 2017), input_type=raw, subspacedim=8"
  },
  "train_params": {
    "optimizer": "Adam",
    "lr": 0.001,
    "weight_decay": 0.0,
    "loss": "CrossEntropyLoss",
    "epochs": 500,
    "patience": 30,
    "batch_size": 32,
    "train_split": 0.8,
    "val_split_final": 0.9,
    "cv_folds": 5,
    "cv_strategy": "StratifiedKFold",
    "scoring": "balanced_accuracy",
    "seed": 42
  },
  "n_params": 242,
  "n_train": 248,
  "n_val": 28,
  "n_test": 69,
  "n_ictal_train": 52,
  "n_ictal_val": 3,
  "n_ictal_test": 14,
  "cv_scores": [
    0.9101,
    0.8864,
    0.8636,
    0.8295,
    0.7159
  ],
  "cv_mean": 0.8411,
  "cv_std": 0.068,
  "train_loss_history": [
    0.635669,
    0.534829,
    0.486583,
    0.456449,
    0.43436,
    0.420009,
    0.406151,
    0.398984,
    0.386681,
    0.375378,
    0.365553,
    0.361298,
    0.354693,
    0.341039,
    0.333684,
    0.33167,
    0.327305,
    0.315238,
    0.316179,
    0.302181,
    0.297658,
    0.291387,
    0.287498,
    0.287948,
    0.277101,
    0.275535,
    0.267896,
    0.263949,
    0.2597,
    0.257061,
    0.255558,
    0.25162,
    0.246343,
    0.243456,
    0.239142,
    0.238109,
    0.232276,
    0.229317,
    0.225378,
    0.220742,
    0.217756,
    0.217844,
    0.217844,
    0.212577,
    0.207814,
    0.209269,
    0.204326,
    0.201208,
    0.199015,
    0.197911,
    0.194639,
    0.192877,
    0.191786,
    0.187943,
    0.189103,
    0.186349,
    0.183351,
    0.181518,
    0.181228,
    0.17768,
    0.17797,
    0.176342,
    0.174145,
    0.170569,
    0.172617,
    0.167313,
    0.164762,
    0.163549,
    0.162928,
    0.162584,
    0.159563,
    0.161218,
    0.155382,
    0.156516,
    0.153436,
    0.154751,
    0.15168,
    0.151029,
    0.148583,
    0.149147,
    0.146215,
    0.146221,
    0.145295,
    0.142412,
    0.145469,
    0.141629,
    0.139665,
    0.137482,
    0.136632,
    0.13675,
    0.137531,
    0.136431,
    0.133844,
    0.132832,
    0.133289,
    0.131837,
    0.130623,
    0.130595,
    0.127836,
    0.126915,
    0.125549,
    0.12408,
    0.125019,
    0.123935,
    0.123247,
    0.120325,
    0.11965,
    0.118231,
    0.117906,
    0.117637,
    0.115667,
    0.11534,
    0.116191,
    0.115371,
    0.111823,
    0.111999,
    0.112156,
    0.111203,
    0.109365,
    0.110408,
    0.107951,
    0.107322,
    0.105586,
    0.106321,
    0.104342,
    0.103821,
    0.104203,
    0.10315,
    0.102101,
    0.10227,
    0.100442,
    0.100161,
    0.099041,
    0.098698,
    0.099287,
    0.097996,
    0.095779,
    0.097748,
    0.094305,
    0.093683,
    0.093265,
    0.093614,
    0.091451,
    0.092312,
    0.09202,
    0.091549,
    0.091019,
    0.088602,
    0.089627,
    0.08675,
    0.086983,
    0.085423,
    0.088236,
    0.084872,
    0.084129,
    0.086202,
    0.083923,
    0.083861,
    0.081815,
    0.081278,
    0.080753,
    0.080557,
    0.07998,
    0.080201,
    0.079187
  ],
  "val_loss_history": [
    0.46436,
    0.370536,
    0.319392,
    0.29278,
    0.278979,
    0.271328,
    0.266918,
    0.265499,
    0.262365,
    0.261434,
    0.257196,
    0.252189,
    0.247818,
    0.248202,
    0.242584,
    0.237362,
    0.235021,
    0.235878,
    0.230654,
    0.228597,
    0.224631,
    0.223946,
    0.21852,
    0.216066,
    0.218746,
    0.215219,
    0.212203,
    0.210305,
    0.207119,
    0.207698,
    0.20373,
    0.201995,
    0.201515,
    0.200537,
    0.201012,
    0.196604,
    0.193661,
    0.193282,
    0.194295,
    0.192458,
    0.188627,
    0.183305,
    0.185026,
    0.187894,
    0.186753,
    0.180333,
    0.181504,
    0.181785,
    0.183646,
    0.179375,
    0.179573,
    0.177079,
    0.172773,
    0.175005,
    0.174545,
    0.175539,
    0.172073,
    0.170614,
    0.169125,
    0.168615,
    0.173307,
    0.167409,
    0.167718,
    0.166951,
    0.169257,
    0.164846,
    0.161545,
    0.160307,
    0.16104,
    0.158864,
    0.161315,
    0.163099,
    0.161533,
    0.159429,
    0.157526,
    0.159247,
    0.158541,
    0.159591,
    0.159466,
    0.157351,
    0.158431,
    0.159005,
    0.154742,
    0.152841,
    0.152723,
    0.154905,
    0.155746,
    0.152805,
    0.152423,
    0.154848,
    0.153141,
    0.155752,
    0.15057,
    0.1477,
    0.153612,
    0.150602,
    0.153158,
    0.149487,
    0.151195,
    0.154873,
    0.154758,
    0.150512,
    0.151174,
    0.15345,
    0.147284,
    0.151744,
    0.15126,
    0.152854,
    0.14724,
    0.149305,
    0.151282,
    0.152705,
    0.146573,
    0.147441,
    0.154051,
    0.151911,
    0.148613,
    0.149436,
    0.151497,
    0.150506,
    0.148156,
    0.147498,
    0.15283,
    0.154451,
    0.149911,
    0.146923,
    0.150718,
    0.1571,
    0.153516,
    0.146244,
    0.147608,
    0.154915,
    0.156948,
    0.152278,
    0.14546,
    0.148784,
    0.154148,
    0.15214,
    0.153548,
    0.15081,
    0.148072,
    0.148322,
    0.15528,
    0.153471,
    0.150042,
    0.148586,
    0.150562,
    0.153626,
    0.149569,
    0.15182,
    0.154685,
    0.153798,
    0.151248,
    0.154952,
    0.152046,
    0.150536,
    0.15349,
    0.154835,
    0.155498,
    0.155123,
    0.153767,
    0.154293,
    0.155329,
    0.155735,
    0.152854
  ],
  "best_val_loss": 0.14546,
  "stopped_epoch": 165,
  "test_bAcc": 0.8117,
  "sensitivity": 0.7143,
  "specificity": 0.9091
}