{
  "patient": "chb15",
  "model": "SPDNet_v2",
  "device": "cuda",
  "model_params": {
    "n_channels": 21,
    "n_classes": 2,
    "subspacedim": 8,
    "reference": "spd_learn SPDNet \u2014 Huang & Van Gool (AAAI 2017), input_type=raw, subspacedim=8"
  },
  "train_params": {
    "optimizer": "Adam",
    "lr": 0.001,
    "weight_decay": 0.0,
    "loss": "CrossEntropyLoss",
    "epochs": 500,
    "patience": 30,
    "batch_size": 32,
    "train_split": 0.8,
    "val_split_final": 0.9,
    "cv_folds": 5,
    "cv_strategy": "StratifiedKFold",
    "scoring": "balanced_accuracy",
    "seed": 42
  },
  "n_params": 242,
  "n_train": 7171,
  "n_val": 797,
  "n_test": 1992,
  "n_ictal_train": 1447,
  "n_ictal_val": 147,
  "n_ictal_test": 398,
  "cv_scores": [
    0.9193,
    0.9169,
    0.9338,
    0.9255,
    0.9277
  ],
  "cv_mean": 0.9246,
  "cv_std": 0.006,
  "train_loss_history": [
    0.369895,
    0.227492,
    0.188083,
    0.169599,
    0.15885,
    0.15191,
    0.146317,
    0.142464,
    0.138105,
    0.135703,
    0.133471,
    0.131455,
    0.130276,
    0.128674,
    0.12867,
    0.126953,
    0.127451,
    0.125715,
    0.125253,
    0.123563,
    0.123768,
    0.122355,
    0.122069,
    0.12121,
    0.120658,
    0.126086,
    0.11991,
    0.119572,
    0.11885,
    0.118611,
    0.117938,
    0.118614,
    0.118887,
    0.119553,
    0.118113,
    0.117612,
    0.117949,
    0.118113,
    0.117783,
    0.11687,
    0.116767,
    0.117619,
    0.116679,
    0.117231,
    0.116225,
    0.115919,
    0.1163,
    0.115413,
    0.115661,
    0.11554,
    0.124143,
    0.118021,
    0.115067,
    0.116514,
    0.116003,
    0.1152,
    0.114678,
    0.114874,
    0.11933,
    0.114651,
    0.114774,
    0.11559,
    0.115605,
    0.114259,
    0.115165,
    0.11509,
    0.115328,
    0.114607,
    0.115675,
    0.116175,
    0.114519,
    0.114566,
    0.114222,
    0.114401,
    0.114574,
    0.114164,
    0.114574,
    0.114184,
    0.113754,
    0.114507,
    0.114165,
    0.114328,
    0.113435,
    0.117152,
    0.116337,
    0.113679,
    0.114074,
    0.114647,
    0.113662,
    0.113873,
    0.1133,
    0.11392,
    0.113656,
    0.12053,
    0.113943,
    0.113766,
    0.114349,
    0.115103,
    0.114253,
    0.113232,
    0.113114,
    0.114856,
    0.113834,
    0.114404,
    0.114115,
    0.116222,
    0.115631,
    0.114527,
    0.114207,
    0.11361,
    0.113635,
    0.112606,
    0.113026,
    0.112514,
    0.114033,
    0.11556,
    0.114513,
    0.11494,
    0.115023,
    0.113178,
    0.112776,
    0.113037,
    0.113689,
    0.113394,
    0.113373,
    0.112845,
    0.113112,
    0.112426,
    0.112922,
    0.113205,
    0.116193,
    0.113273,
    0.113202,
    0.112992,
    0.112699,
    0.113082,
    0.113043,
    0.113685,
    0.113627,
    0.113945,
    0.113679,
    0.112627,
    0.112949,
    0.1123,
    0.113846,
    0.112981,
    0.112945,
    0.116018,
    0.113787,
    0.113367,
    0.114918,
    0.118085,
    0.114061,
    0.114078,
    0.112827,
    0.113451,
    0.113297,
    0.113913,
    0.123371,
    0.114784,
    0.111732,
    0.11218,
    0.111978,
    0.112313,
    0.112887,
    0.112101,
    0.112889,
    0.114135,
    0.113436,
    0.112022,
    0.113402,
    0.112431,
    0.112999,
    0.112783,
    0.113411,
    0.114212,
    0.112905,
    0.112638,
    0.112805,
    0.112313,
    0.119504,
    0.113782,
    0.112492,
    0.112353,
    0.112146,
    0.112837,
    0.113102,
    0.112364,
    0.111931,
    0.112642,
    0.121046,
    0.113938,
    0.112056,
    0.11201,
    0.113804,
    0.113289,
    0.112223,
    0.112116,
    0.112609,
    0.113572,
    0.112565,
    0.11244,
    0.111273,
    0.111908,
    0.112098,
    0.113351,
    0.112732,
    0.112323,
    0.111969,
    0.113438,
    0.111815,
    0.113503,
    0.112588,
    0.112149,
    0.114518,
    0.112879,
    0.112583,
    0.112785,
    0.112482,
    0.113185,
    0.112826,
    0.112287,
    0.112574,
    0.111976,
    0.112494,
    0.112532,
    0.11605,
    0.112635,
    0.111955,
    0.112523,
    0.113515,
    0.112741,
    0.111938,
    0.111746,
    0.111822,
    0.111498,
    0.113095,
    0.11203,
    0.111903,
    0.111919,
    0.112962,
    0.112973,
    0.111872,
    0.112406,
    0.112129,
    0.114657,
    0.113455,
    0.111325,
    0.115656,
    0.112343,
    0.111344,
    0.111654,
    0.1123,
    0.112907,
    0.113445,
    0.11224,
    0.115468,
    0.112869,
    0.112032,
    0.112786,
    0.111348,
    0.111613,
    0.111763,
    0.112603,
    0.112817,
    0.112344,
    0.112602,
    0.111913,
    0.112851,
    0.111931,
    0.112391
  ],