{
  "patient": "chb15",
  "model": "SPDNet_classic",
  "device": "cuda",
  "model_params": {
    "n_channels": 21,
    "n_classes": 2,
    "init_shrinkage": 0.1,
    "bimap1_out": 10,
    "bimap2_out": 5,
    "bimap3_out": 2,
    "tangent_dim": 3,
    "architecture": "CovLayer \u2192 Shrinkage \u2192 BiMap \u2192 ReEig \u2192 BiMap \u2192 ReEig \u2192 BiMap \u2192 ReEig \u2192 LogEig \u2192 Linear",
    "reference": "Huang & Van Gool (AAAI 2017)"
  },
  "train_params": {
    "optimizer": "Adam",
    "lr": 0.001,
    "weight_decay": 0.0,
    "loss": "CrossEntropyLoss",
    "epochs": 500,
    "patience": 25,
    "batch_size": 32,
    "train_split": 0.8,
    "val_split_final": 0.9,
    "cv_folds": 5,
    "cv_strategy": "StratifiedKFold",
    "scoring": "balanced_accuracy",
    "seed": 42
  },
  "n_params": 278,
  "n_train": 7171,
  "n_val": 797,
  "n_test": 1992,
  "n_ictal_train": 1447,
  "n_ictal_val": 147,
  "n_ictal_test": 398,
  "cv_scores": [
    0.8871,
    0.8793,
    0.9024,
    0.8895,
    0.8782
  ],
  "cv_mean": 0.8873,
  "cv_std": 0.0087,
  "train_loss_history": [
    0.586604,
    0.47556,
    0.425385,
    0.395592,
    0.369127,
    0.349387,
    0.332984,
    0.321694,
    0.307583,
    0.296647,
    0.287636,
    0.279467,
    0.272422,
    0.266922,
    0.261043,
    0.255204,
    0.250769,
    0.248332,
    0.243065,
    0.241541,
    0.236884,
    0.233281,
    0.23182,
    0.22845,
    0.224815,
    0.225234,
    0.218456,
    0.215666,
    0.213508,
    0.211775,
    0.209148,
    0.208688,
    0.20701,
    0.205466,
    0.203403,
    0.201172,
    0.199061,
    0.196809,
    0.195274,
    0.194713,
    0.194266,
    0.192881,
    0.191985,
    0.191392,
    0.188688,
    0.189109,
    0.187618,
    0.186595,
    0.186282,
    0.185334,
    0.184873,
    0.183634,
    0.184262,
    0.18963,
    0.189567,
    0.18227,
    0.180778,
    0.182301,
    0.181589,
    0.180895,
    0.180736,
    0.180318,
    0.182302,
    0.180022,
    0.17829,
    0.179722,
    0.178413,
    0.179613,
    0.180442,
    0.18116,
    0.177534,
    0.177945,
    0.177218,
    0.177981,
    0.176629,
    0.177647,
    0.178981,
    0.178451,
    0.176506,
    0.176613,
    0.176473,
    0.177447,
    0.177038,
    0.176299,
    0.176914,
    0.176736,
    0.175696,
    0.175882,
    0.17604,
    0.177828,
    0.176388,
    0.175481,
    0.175835,
    0.178154,
    0.175095,
    0.177664,
    0.177115,
    0.175038,
    0.175432,
    0.175444,
    0.174699,
    0.174878,
    0.174842,
    0.176098,
    0.175597,
    0.175386,
    0.175568,
    0.175693,
    0.175058,
    0.175908,
    0.174649,
    0.180038,
    0.175934,
    0.175934,
    0.174902,
    0.175879,
    0.175393,
    0.174372
  ],
  "val_loss_history": [
    0.505535,
    0.435689,
    0.39825,
    0.371568,
    0.350514,
    0.332323,
    0.318113,
    0.304093,
    0.294414,
    0.284393,
    0.276206,
    0.269212,
    0.264,
    0.256172,
    0.251732,
    0.247195,
    0.243123,
    0.238864,
    0.23617,
    0.239373,
    0.229973,
    0.22888,
    0.22571,
    0.222759,
    0.222957,
    0.217354,
    0.219129,
    0.215807,
    0.212513,
    0.212257,
    0.216015,
    0.210841,
    0.206582,
    0.208373,
    0.207778,
    0.204353,
    0.207011,
    0.203667,
    0.202557,
    0.202591,
    0.203453,
    0.199486,
    0.197093,
    0.198381,
    0.200621,
    0.201811,
    0.20061,
    0.194809,
    0.194536,
    0.192914,
    0.19611,
    0.196924,
    0.196212,
    0.195123,
    0.193774,
    0.194672,
    0.194298,
    0.186856,
    0.192673,
    0.189667,
    0.193017,
    0.193037,
    0.191547,
    0.191425,
    0.189845,
    0.188899,
    0.187955,
    0.191632,
    0.192048,
    0.189776,
    0.191937,
    0.198394,
    0.192264,
    0.185527,
    0.190156,
    0.189335,
    0.189459,
    0.190111,
    0.186878,
    0.189768,
    0.186324,
    0.193171,
    0.185528,
    0.188166,
    0.191693,
    0.191018,
    0.187605,
    0.187571,
    0.198849,
    0.190543,
    0.190321,
    0.191385,
    0.183525,
    0.18993,
    0.193174,
    0.192091,
    0.195482,
    0.190126,
    0.187332,
    0.196468,
    0.197367,
    0.186383,
    0.193248,
    0.18831,
    0.187089,
    0.187174,
    0.187574,
    0.19011,
    0.190477,
    0.194775,
    0.189084,
    0.189366,
    0.190926,
    0.199761,
    0.189276,
    0.191742,
    0.19331,
    0.191631
  ],
  "best_val_loss": 0.183525,
  "stopped_epoch": 118,
  "test_bAcc": 0.8772,
  "sensitivity": 0.7814,
  "specificity": 0.973
}