{
  "patient": "chb18",
  "model": "SPDNet_v2",
  "device": "cuda",
  "model_params": {
    "n_channels": 21,
    "n_classes": 2,
    "subspacedim": 8,
    "reference": "spd_learn SPDNet \u2014 Huang & Van Gool (AAAI 2017), input_type=raw, subspacedim=8"
  },
  "train_params": {
    "optimizer": "Adam",
    "lr": 0.001,
    "weight_decay": 0.0,
    "loss": "CrossEntropyLoss",
    "epochs": 500,
    "patience": 30,
    "batch_size": 32,
    "train_split": 0.8,
    "val_split_final": 0.9,
    "cv_folds": 5,
    "cv_strategy": "StratifiedKFold",
    "scoring": "balanced_accuracy",
    "seed": 42
  },
  "n_params": 242,
  "n_train": 1141,
  "n_val": 127,
  "n_test": 317,
  "n_ictal_train": 227,
  "n_ictal_val": 27,
  "n_ictal_test": 63,
  "cv_scores": [
    0.9411,
    0.9485,
    0.9117,
    0.9075,
    0.9632
  ],
  "cv_mean": 0.9344,
  "cv_std": 0.0215,
  "train_loss_history": [
    0.777593,
    0.393693,
    0.331246,
    0.301772,
    0.277538,
    0.258042,
    0.240224,
    0.225832,
    0.215076,
    0.206418,
    0.198139,
    0.190668,
    0.183985,
    0.17818,
    0.173568,
    0.170813,
    0.163869,
    0.160146,
    0.155766,
    0.151949,
    0.149711,
    0.145316,
    0.142686,
    0.139482,
    0.138441,
    0.135059,
    0.133511,
    0.131,
    0.127811,
    0.126007,
    0.123583,
    0.122413,
    0.120439,
    0.118177,
    0.116328,
    0.114852,
    0.11449,
    0.113785,
    0.110517,
    0.109606,
    0.108368,
    0.1063,
    0.105714,
    0.107103,
    0.102672,
    0.102413,
    0.100611,
    0.099965,
    0.098281,
    0.098175,
    0.097541,
    0.096853,
    0.095006,
    0.093558,
    0.092922,
    0.092339,
    0.091574,
    0.089957,
    0.09158,
    0.087824,
    0.090088,
    0.087765,
    0.087238,
    0.088654,
    0.086228,
    0.084786,
    0.084716,
    0.083967,
    0.084009,
    0.083042,
    0.084857,
    0.081743,
    0.079961,
    0.081814,
    0.080059,
    0.080728,
    0.078504,
    0.078379
  ],
  "val_loss_history": [
    0.470715,
    0.351002,
    0.31418,
    0.285919,
    0.262694,
    0.240872,
    0.22405,
    0.208615,
    0.196194,
    0.18518,
    0.17653,
    0.166518,
    0.159604,
    0.152193,
    0.146962,
    0.14275,
    0.135532,
    0.130659,
    0.127779,
    0.12401,
    0.120378,
    0.117697,
    0.114826,
    0.112515,
    0.110042,
    0.107701,
    0.106504,
    0.10276,
    0.100944,
    0.1004,
    0.09871,
    0.098232,
    0.095705,
    0.094791,
    0.093309,
    0.092377,
    0.091285,
    0.090882,
    0.088959,
    0.092653,
    0.087708,
    0.090476,
    0.087158,
    0.088241,
    0.086173,
    0.084822,
    0.085927,
    0.083409,
    0.087302,
    0.086227,
    0.088677,
    0.084328,
    0.086518,
    0.083924,
    0.084913,
    0.08477,
    0.084375,
    0.085125,
    0.089531,
    0.083669,
    0.086015,
    0.085507,
    0.085228,
    0.083723,
    0.086513,
    0.092455,
    0.087088,
    0.093539,
    0.088489,
    0.087738,
    0.086099,
    0.086713,
    0.084974,
    0.091946,
    0.085165,
    0.086672,
    0.086796,
    0.087951
  ],
  "best_val_loss": 0.083409,
  "stopped_epoch": 78,
  "test_bAcc": 0.9227,
  "sensitivity": 0.873,
  "specificity": 0.9724
}