{
  "patient": "chb12",
  "model": "SPDNet_classic",
  "device": "cuda",
  "model_params": {
    "n_channels": 21,
    "n_classes": 2,
    "init_shrinkage": 0.1,
    "bimap1_out": 10,
    "bimap2_out": 5,
    "bimap3_out": 2,
    "tangent_dim": 3,
    "architecture": "CovLayer \u2192 Shrinkage \u2192 BiMap \u2192 ReEig \u2192 BiMap \u2192 ReEig \u2192 BiMap \u2192 ReEig \u2192 LogEig \u2192 Linear",
    "reference": "Huang & Van Gool (AAAI 2017)"
  },
  "train_params": {
    "optimizer": "Adam",
    "lr": 0.001,
    "weight_decay": 0.0,
    "loss": "CrossEntropyLoss",
    "epochs": 500,
    "patience": 25,
    "batch_size": 32,
    "train_split": 0.8,
    "val_split_final": 0.9,
    "cv_folds": 5,
    "cv_strategy": "StratifiedKFold",
    "scoring": "balanced_accuracy",
    "seed": 42
  },
  "n_params": 278,
  "n_train": 5310,
  "n_val": 590,
  "n_test": 1475,
  "n_ictal_train": 1054,
  "n_ictal_val": 126,
  "n_ictal_test": 295,
  "cv_scores": [
    0.6398,
    0.6525,
    0.679,
    0.6933,
    0.6743
  ],
  "cv_mean": 0.6678,
  "cv_std": 0.0192,
  "train_loss_history": [
    0.480721,
    0.457847,
    0.443813,
    0.43166,
    0.42296,
    0.416,
    0.409756,
    0.404912,
    0.40029,
    0.396733,
    0.393909,
    0.390682,
    0.388269,
    0.386098,
    0.384026,
    0.381427,
    0.380337,
    0.378294,
    0.377105,
    0.375563,
    0.373855,
    0.372579,
    0.370322,
    0.368319,
    0.366397,
    0.364951,
    0.363633,
    0.362258,
    0.361438,
    0.360927,
    0.361846,
    0.359521,
    0.357458,
    0.357955,
    0.358305,
    0.357012,
    0.357784,
    0.357177,
    0.35686,
    0.356348,
    0.356789,
    0.355534,
    0.355666,
    0.35508,
    0.354798,
    0.355522,
    0.354066,
    0.354073,
    0.354697,
    0.35444,
    0.354278,
    0.354156,
    0.353556,
    0.353992,
    0.353872,
    0.354034,
    0.353817,
    0.353145,
    0.353119,
    0.353182,
    0.352829,
    0.354124,
    0.354659,
    0.353733,
    0.352249,
    0.354055,
    0.351827,
    0.352472,
    0.352536,
    0.353035,
    0.352082,
    0.352453,
    0.353162,
    0.351914,
    0.351775,
    0.35226,
    0.350722,
    0.35198,
    0.351796,
    0.353023,
    0.351375,
    0.351492,
    0.351172,
    0.350837,
    0.35082,
    0.350282,
    0.351483,
    0.350914,
    0.350647,
    0.351377,
    0.35047,
    0.350437,
    0.351045,
    0.351495,
    0.350314,
    0.349458,
    0.350195,
    0.351219,
    0.350584,
    0.350081,
    0.351337,
    0.34988,
    0.350373,
    0.350444,
    0.350246,
    0.349347,
    0.34994,
    0.349781,
    0.350407,
    0.34979,
    0.349981,
    0.349476,
    0.349184,
    0.350687,
    0.348968,
    0.349664,
    0.34984,
    0.348905,
    0.349398,
    0.348805,
    0.348977,
    0.349657,
    0.349861,
    0.350142,
    0.349803,
    0.349552,
    0.349208,
    0.349453,
    0.348792,
    0.349093,
    0.34879,
    0.349045,
    0.348736,
    0.349223,
    0.348896,
    0.349632,
    0.348863
  ],
  "val_loss_history": [
    0.47822,
    0.465152,
    0.453682,
    0.446165,
    0.440548,
    0.43586,
    0.435069,
    0.427051,
    0.424372,
    0.423274,
    0.419088,
    0.417706,
    0.418893,
    0.415904,
    0.415097,
    0.415142,
    0.413848,
    0.416913,
    0.413825,
    0.410875,
    0.411602,
    0.409779,
    0.412129,
    0.412045,
    0.409461,
    0.408111,
    0.40726,
    0.404368,
    0.407031,
    0.404834,
    0.405396,
    0.403898,
    0.404793,
    0.403544,
    0.400574,
    0.408755,
    0.40339,
    0.401899,
    0.402571,
    0.405099,
    0.402607,
    0.403864,
    0.402128,
    0.402872,
    0.400633,
    0.401581,
    0.400705,
    0.405736,
    0.406741,
    0.398662,
    0.400775,
    0.398842,
    0.401858,
    0.401388,
    0.402532,
    0.40214,
    0.402969,
    0.399775,
    0.400467,
    0.403715,
    0.402762,
    0.400973,
    0.397454,
    0.401977,
    0.401992,
    0.399665,
    0.402904,
    0.399846,
    0.402366,
    0.398764,
    0.403554,
    0.400014,
    0.400961,
    0.400599,
    0.39936,
    0.401607,
    0.400831,
    0.403592,
    0.399428,
    0.39811,
    0.398802,
    0.395115,
    0.398679,
    0.397181,
    0.395754,
    0.399456,
    0.398563,
    0.399979,
    0.397036,
    0.400316,
    0.397723,
    0.403614,
    0.396406,
    0.395619,
    0.396121,
    0.395467,
    0.397091,
    0.394968,
    0.396237,
    0.400727,
    0.395206,
    0.396417,
    0.396513,
    0.395156,
    0.397959,
    0.394384,
    0.395354,
    0.400105,
    0.401198,
    0.399488,
    0.396388,
    0.393031,
    0.394162,
    0.394748,
    0.396516,
    0.395008,
    0.399622,
    0.397096,
    0.398041,
    0.394092,
    0.396342,
    0.400795,
    0.394158,
    0.394623,
    0.393927,
    0.395553,
    0.394583,
    0.395602,
    0.393335,
    0.394218,
    0.39763,
    0.394875,
    0.396733,
    0.395542,
    0.394173,
    0.393743,
    0.397968
  ],
  "best_val_loss": 0.393031,
  "stopped_epoch": 137,
  "test_bAcc": 0.6873,
  "sensitivity": 0.4305,
  "specificity": 0.9441
}