{
  "patient": "chb19",
  "model": "SPDNet_v2",
  "device": "cuda",
  "model_params": {
    "n_channels": 21,
    "n_classes": 2,
    "subspacedim": 8,
    "reference": "spd_learn SPDNet \u2014 Huang & Van Gool (AAAI 2017), input_type=raw, subspacedim=8"
  },
  "train_params": {
    "optimizer": "Adam",
    "lr": 0.001,
    "weight_decay": 0.0,
    "loss": "CrossEntropyLoss",
    "epochs": 500,
    "patience": 30,
    "batch_size": 32,
    "train_split": 0.8,
    "val_split_final": 0.9,
    "cv_folds": 5,
    "cv_strategy": "StratifiedKFold",
    "scoring": "balanced_accuracy",
    "seed": 42
  },
  "n_params": 242,
  "n_train": 849,
  "n_val": 95,
  "n_test": 236,
  "n_ictal_train": 169,
  "n_ictal_val": 20,
  "n_ictal_test": 47,
  "cv_scores": [
    0.9539,
    0.9144,
    0.9473,
    0.898,
    0.9059
  ],
  "cv_mean": 0.9239,
  "cv_std": 0.0225,
  "train_loss_history": [
    0.63026,
    0.369371,
    0.307651,
    0.289575,
    0.273266,
    0.264529,
    0.255792,
    0.24681,
    0.237006,
    0.228116,
    0.222226,
    0.21228,
    0.205457,
    0.200591,
    0.190613,
    0.184394,
    0.177272,
    0.17475,
    0.168279,
    0.163547,
    0.158554,
    0.153133,
    0.15117,
    0.144169,
    0.141107,
    0.140058,
    0.135194,
    0.134385,
    0.129175,
    0.127077,
    0.123651,
    0.123569,
    0.119078,
    0.11681,
    0.114704,
    0.112739,
    0.110182,
    0.108788,
    0.10675,
    0.107575,
    0.104227,
    0.101748,
    0.100611,
    0.099493,
    0.097765,
    0.097327,
    0.096615,
    0.095242,
    0.093816,
    0.092283,
    0.091161,
    0.089928,
    0.090268,
    0.087702,
    0.089595,
    0.086116,
    0.084319,
    0.084404,
    0.083607,
    0.082218,
    0.081151,
    0.079736,
    0.078862,
    0.07907,
    0.076845,
    0.075681,
    0.07545,
    0.075587,
    0.074513,
    0.072512,
    0.071284,
    0.072025,
    0.071806,
    0.071489,
    0.068872,
    0.06922,
    0.068633,
    0.067416,
    0.066867,
    0.065452,
    0.065143,
    0.064909,
    0.064482,
    0.063007,
    0.06239,
    0.062026,
    0.062172,
    0.060539,
    0.060626,
    0.06037,
    0.059134,
    0.059116,
    0.05801,
    0.057296,
    0.057161,
    0.056854,
    0.055735,
    0.055423,
    0.057897,
    0.055407,
    0.054641,
    0.053077,
    0.053449,
    0.053707,
    0.053825,
    0.054404,
    0.050934,
    0.051138,
    0.050359,
    0.049418,
    0.048984,
    0.048554,
    0.050922,
    0.048852,
    0.047759,
    0.048169,
    0.046944,
    0.047077,
    0.046205,
    0.046237,
    0.045363,
    0.045998,
    0.045222,
    0.044445,
    0.045544,
    0.0434,
    0.043693,
    0.045111,
    0.045715,
    0.041591,
    0.042015,
    0.042752,
    0.042122,
    0.041165,
    0.040855,
    0.040793,
    0.040854,
    0.041108,
    0.040532,
    0.038958,
    0.039254,
    0.038997,
    0.039279,
    0.037723,
    0.03839,
    0.038832,
    0.038987,
    0.038155
  ],
  "val_loss_history": [
    0.449581,
    0.34312,
    0.317856,
    0.306732,
    0.29884,
    0.292722,
    0.28695,
    0.280566,
    0.275317,
    0.269711,
    0.264,
    0.259308,
    0.254641,
    0.250581,
    0.246467,
    0.242968,
    0.240333,
    0.238705,
    0.236203,
    0.234208,
    0.231723,
    0.229142,
    0.227427,
    0.225034,
    0.222569,
    0.221011,
    0.218821,
    0.215917,
    0.214566,
    0.215078,
    0.212639,
    0.209574,
    0.207763,
    0.207041,
    0.20639,
    0.203381,
    0.204115,
    0.201646,
    0.199942,
    0.198835,
    0.196753,
    0.195845,
    0.194245,
    0.192751,
    0.192519,
    0.190936,
    0.190107,
    0.187581,
    0.188108,
    0.186591,
    0.185469,
    0.184638,
    0.183232,
    0.182535,
    0.182169,
    0.182024,
    0.180003,
    0.179555,
    0.179497,
    0.178637,
    0.176287,
    0.175315,
    0.176394,
    0.175074,
    0.173917,
    0.17274,
    0.173538,
    0.172312,
    0.171354,
    0.171272,
    0.171152,
    0.170487,
    0.169722,
    0.167627,
    0.168728,
    0.166595,
    0.166888,
    0.16679,
    0.167192,
    0.164918,
    0.164088,
    0.166071,
    0.16397,
    0.163873,
    0.163945,
    0.163766,
    0.162799,
    0.161655,
    0.162846,
    0.16135,
    0.161613,
    0.161718,
    0.158371,
    0.159825,
    0.15921,
    0.160174,
    0.160016,
    0.160022,
    0.157951,
    0.159075,
    0.159067,
    0.158531,
    0.157958,
    0.158479,
    0.158055,
    0.156039,
    0.1581,
    0.159195,
    0.157577,
    0.158901,
    0.157371,
    0.158339,
    0.158788,
    0.158337,
    0.156043,
    0.155891,
    0.156348,
    0.15443,
    0.157871,
    0.157065,
    0.155628,
    0.15624,
    0.156159,
    0.156146,
    0.157095,
    0.157257,
    0.156118,
    0.157647,
    0.1548,
    0.15699,
    0.158629,
    0.157088,
    0.159352,
    0.156838,
    0.156371,
    0.157846,
    0.155931,
    0.155367,
    0.159259,
    0.15614,
    0.158003,
    0.159246,
    0.156886,
    0.158086,
    0.157975,
    0.159392,
    0.160161,
    0.15632
  ],
  "best_val_loss": 0.15443,
  "stopped_epoch": 148,
  "test_bAcc": 0.9043,
  "sensitivity": 0.8298,
  "specificity": 0.9788
}