{
  "patient": "chb14",
  "model": "SPDNet_v2",
  "device": "cuda",
  "model_params": {
    "n_channels": 21,
    "n_classes": 2,
    "subspacedim": 8,
    "reference": "spd_learn SPDNet \u2014 Huang & Van Gool (AAAI 2017), input_type=raw, subspacedim=8"
  },
  "train_params": {
    "optimizer": "Adam",
    "lr": 0.001,
    "weight_decay": 0.0,
    "loss": "CrossEntropyLoss",
    "epochs": 500,
    "patience": 30,
    "batch_size": 32,
    "train_split": 0.8,
    "val_split_final": 0.9,
    "cv_folds": 5,
    "cv_strategy": "StratifiedKFold",
    "scoring": "balanced_accuracy",
    "seed": 42
  },
  "n_params": 242,
  "n_train": 608,
  "n_val": 68,
  "n_test": 169,
  "n_ictal_train": 121,
  "n_ictal_val": 14,
  "n_ictal_test": 34,
  "cv_scores": [
    0.8751,
    0.8704,
    0.9028,
    0.8843,
    0.9722
  ],
  "cv_mean": 0.901,
  "cv_std": 0.0373,
  "train_loss_history": [
    0.596596,
    0.465909,
    0.384096,
    0.32849,
    0.288773,
    0.261885,
    0.241501,
    0.226466,
    0.215277,
    0.206711,
    0.199248,
    0.193224,
    0.187806,
    0.183252,
    0.179264,
    0.175602,
    0.172654,
    0.169318,
    0.16653,
    0.163574,
    0.161251,
    0.159379,
    0.156698,
    0.154345,
    0.152722,
    0.150968,
    0.14838,
    0.146902,
    0.145376,
    0.143431,
    0.141256,
    0.140051,
    0.13841,
    0.138008,
    0.135157,
    0.133679,
    0.132534,
    0.130241,
    0.129397,
    0.12807,
    0.126574,
    0.125338,
    0.124498,
    0.122553,
    0.12178,
    0.121436,
    0.119196,
    0.118145,
    0.116885,
    0.116598,
    0.114892,
    0.115616,
    0.114016,
    0.112118,
    0.11099,
    0.110127,
    0.10995,
    0.109111,
    0.108607,
    0.106083,
    0.106941,
    0.105342,
    0.104697,
    0.103562,
    0.102648,
    0.102012,
    0.101075,
    0.100566,
    0.100232,
    0.099928,
    0.09829,
    0.098882,
    0.098119,
    0.097142,
    0.095523,
    0.095565,
    0.094741
  ],
  "val_loss_history": [
    0.586547,
    0.448481,
    0.360252,
    0.29919,
    0.258486,
    0.228685,
    0.209289,
    0.195729,
    0.185379,
    0.178642,
    0.173468,
    0.16857,
    0.16689,
    0.163725,
    0.16103,
    0.159564,
    0.157686,
    0.156975,
    0.154943,
    0.155195,
    0.154926,
    0.151812,
    0.153828,
    0.151852,
    0.149525,
    0.152954,
    0.149582,
    0.150223,
    0.14649,
    0.149389,
    0.147073,
    0.145819,
    0.150931,
    0.144854,
    0.149688,
    0.147427,
    0.144861,
    0.147654,
    0.146702,
    0.144711,
    0.146108,
    0.148701,
    0.144801,
    0.148565,
    0.147355,
    0.145535,
    0.144282,
    0.145769,
    0.146336,
    0.147148,
    0.146567,
    0.147998,
    0.147453,
    0.146731,
    0.148985,
    0.14968,
    0.150118,
    0.148993,
    0.148437,
    0.152647,
    0.150355,
    0.152276,
    0.152529,
    0.152534,
    0.154945,
    0.155987,
    0.156809,
    0.156576,
    0.157865,
    0.156478,
    0.160062,
    0.158042,
    0.161172,
    0.158951,
    0.161903,
    0.161692,
    0.164097
  ],
  "best_val_loss": 0.144282,
  "stopped_epoch": 77,
  "test_bAcc": 0.8821,
  "sensitivity": 0.8235,
  "specificity": 0.9407
}