{
  "patient": "chb18",
  "model": "SPDNet_classic",
  "device": "cuda",
  "model_params": {
    "n_channels": 21,
    "n_classes": 2,
    "init_shrinkage": 0.1,
    "bimap1_out": 10,
    "bimap2_out": 5,
    "bimap3_out": 2,
    "tangent_dim": 3,
    "architecture": "CovLayer \u2192 Shrinkage \u2192 BiMap \u2192 ReEig \u2192 BiMap \u2192 ReEig \u2192 BiMap \u2192 ReEig \u2192 LogEig \u2192 Linear",
    "reference": "Huang & Van Gool (AAAI 2017)"
  },
  "train_params": {
    "optimizer": "Adam",
    "lr": 0.001,
    "weight_decay": 0.0,
    "loss": "CrossEntropyLoss",
    "epochs": 500,
    "patience": 25,
    "batch_size": 32,
    "train_split": 0.8,
    "val_split_final": 0.9,
    "cv_folds": 5,
    "cv_strategy": "StratifiedKFold",
    "scoring": "balanced_accuracy",
    "seed": 42
  },
  "n_params": 278,
  "n_train": 1141,
  "n_val": 127,
  "n_test": 317,
  "n_ictal_train": 227,
  "n_ictal_val": 27,
  "n_ictal_test": 63,
  "cv_scores": [
    0.9191,
    0.9019,
    0.9142,
    0.8477,
    0.9215
  ],
  "cv_mean": 0.9009,
  "cv_std": 0.0274,
  "train_loss_history": [
    0.464618,
    0.42254,
    0.394845,
    0.369176,
    0.353333,
    0.33765,
    0.327227,
    0.317305,
    0.309531,
    0.301005,
    0.295092,
    0.288937,
    0.285268,
    0.279981,
    0.275273,
    0.271176,
    0.269071,
    0.26422,
    0.2612,
    0.25861,
    0.255093,
    0.252463,
    0.251032,
    0.24761,
    0.24541,
    0.243071,
    0.241551,
    0.239678,
    0.238378,
    0.234643,
    0.232914,
    0.231643,
    0.228551,
    0.228632,
    0.226655,
    0.226846,
    0.22405,
    0.222954,
    0.221093,
    0.21872,
    0.220387,
    0.216919,
    0.216396,
    0.214092,
    0.214491,
    0.211516,
    0.211352,
    0.209637,
    0.208983,
    0.208667,
    0.206964,
    0.205382,
    0.206513,
    0.204113,
    0.202681,
    0.202736,
    0.201145,
    0.200527,
    0.199545,
    0.199056,
    0.198438,
    0.195766,
    0.195135,
    0.195049,
    0.19483,
    0.193078,
    0.192189,
    0.19165,
    0.19103,
    0.189892,
    0.189237,
    0.188402,
    0.188452,
    0.187467,
    0.186731,
    0.18633,
    0.184473,
    0.183097,
    0.182548,
    0.182511,
    0.18283,
    0.180898,
    0.181293,
    0.181328,
    0.180367,
    0.179087,
    0.178424,
    0.17817,
    0.177177,
    0.178746,
    0.177357,
    0.175225,
    0.175999,
    0.17552,
    0.178205,
    0.174325,
    0.171588,
    0.172106,
    0.171418,
    0.171337,
    0.172308,
    0.170157,
    0.170522,
    0.169132,
    0.169135,
    0.16715,
    0.168291,
    0.168288,
    0.168322,
    0.168583,
    0.166556,
    0.165433,
    0.167064,
    0.1676,
    0.164469,
    0.163511,
    0.163692,
    0.163646,
    0.163668,
    0.162631,
    0.162638,
    0.162084,
    0.161839,
    0.16068,
    0.162151,
    0.159816,
    0.159758,
    0.159862,
    0.158073,
    0.157647,
    0.158682,
    0.159664,
    0.157628,
    0.156923,
    0.157289,
    0.15573,
    0.157256,
    0.155115,
    0.155162,
    0.157232,
    0.155816,
    0.154554,
    0.156325,
    0.154997,
    0.152889,
    0.152975,
    0.155842,
    0.154657,
    0.151604,
    0.154689,
    0.151108,
    0.151472,
    0.153355,
    0.152394,
    0.150387,
    0.150752,
    0.153739,
    0.151625,
    0.14987,
    0.147919,
    0.150642,
    0.152644,
    0.149143,
    0.149293,
    0.154675,
    0.148236,
    0.149932,
    0.147996,
    0.147802,
    0.14727,
    0.149644,
    0.148005,
    0.146672,
    0.149562,
    0.146005,
    0.147891,
    0.147231,
    0.147614,
    0.145002,
    0.144806,
    0.144604,
    0.149282,
    0.144759,
    0.14389,
    0.144485,
    0.14396,
    0.143468,
    0.144908,
    0.144605,
    0.14437,
    0.14707,
    0.14416,
    0.145351,
    0.145663,
    0.144595,
    0.141342,
    0.142307,
    0.141284,
    0.143271,
    0.142248,
    0.140742,
    0.14258,
    0.144973,
    0.143447,
    0.142163,
    0.142054,
    0.143163,
    0.140143,
    0.142141,
    0.140451,
    0.14191,
    0.140298,
    0.138946,
    0.138255,
    0.139884,
    0.142006,
    0.14237,
    0.140021,
    0.138324,
    0.139545,
    0.141116,
    0.138798,
    0.142006,
    0.136933,
    0.137201,
    0.137933,
    0.138866,
    0.138124,
    0.138532,
    0.137608,
    0.138634,
    0.136705,
    0.136113,
    0.137216,
    0.136372,
    0.136952,
    0.136512,
    0.136591,
    0.138751,
    0.137818,
    0.138365,
    0.136211,
    0.138541,
    0.134309,
    0.138521,
    0.135287,
    0.140141,
    0.136458,
    0.135951,
    0.134621,
    0.136035,
    0.135972,
    0.134071,
    0.135039,
    0.134159,
    0.137134,
    0.133457,
    0.134262,
    0.1336,
    0.135442,
    0.134276,
    0.135317,
    0.132996,
    0.135015,
    0.134299,
    0.134328,
    0.134556,
    0.133217,
    0.131704,
    0.133347,
    0.13647,
    0.133635,
    0.135549,
    0.133137,
    0.131866,
    0.134766,
    0.132432,
    0.13232,
    0.13147,
    0.135593,
    0.135392,
    0.131222,
    0.132217,
    0.134116,
    0.133315,
    0.13573,
    0.133015,
    0.130944,
    0.131377,
    0.132417,
    0.131705,
    0.129781,
    0.134038,
    0.131162,
    0.132888,
    0.132462,
    0.133061,
    0.132217,
    0.131074,
    0.130845,
    0.132083,
    0.131016,
    0.130529,
    0.130542,
    0.13106,
    0.130642,
    0.131916,
    0.130156,
    0.130053,
    0.129604,
    0.13046,
    0.129732,
    0.129168,
    0.133738,
    0.136634,
    0.131405,
    0.129558,
    0.130826,
    0.131778,
    0.129984,
    0.129667,
    0.131148,
    0.130632,
    0.128937,
    0.131216,
    0.130645,
    0.129167,
    0.130322,
    0.131272,
    0.129908,
    0.127731,
    0.129147,
    0.129415,
    0.128464,
    0.13111,
    0.131368,
    0.130573,
    0.133443,
    0.129239
  ],