{
  "patient": "chb14",
  "model": "SPDNet_classic",
  "device": "cuda",
  "model_params": {
    "n_channels": 21,
    "n_classes": 2,
    "init_shrinkage": 0.1,
    "bimap1_out": 10,
    "bimap2_out": 5,
    "bimap3_out": 2,
    "tangent_dim": 3,
    "architecture": "CovLayer \u2192 Shrinkage \u2192 BiMap \u2192 ReEig \u2192 BiMap \u2192 ReEig \u2192 BiMap \u2192 ReEig \u2192 LogEig \u2192 Linear",
    "reference": "Huang & Van Gool (AAAI 2017)"
  },
  "train_params": {
    "optimizer": "Adam",
    "lr": 0.001,
    "weight_decay": 0.0,
    "loss": "CrossEntropyLoss",
    "epochs": 500,
    "patience": 25,
    "batch_size": 32,
    "train_split": 0.8,
    "val_split_final": 0.9,
    "cv_folds": 5,
    "cv_strategy": "StratifiedKFold",
    "scoring": "balanced_accuracy",
    "seed": 42
  },
  "n_params": 278,
  "n_train": 608,
  "n_val": 68,
  "n_test": 169,
  "n_ictal_train": 121,
  "n_ictal_val": 14,
  "n_ictal_test": 34,
  "cv_scores": [
    0.8612,
    0.8194,
    0.8843,
    0.8102,
    0.9444
  ],
  "cv_mean": 0.8639,
  "cv_std": 0.0485,
  "train_loss_history": [
    0.505921,
    0.471089,
    0.444921,
    0.425685,
    0.411311,
    0.398947,
    0.388447,
    0.378837,
    0.370761,
    0.362871,
    0.355255,
    0.348746,
    0.342928,
    0.337141,
    0.331931,
    0.327159,
    0.322592,
    0.318615,
    0.314183,
    0.310458,
    0.306671,
    0.303361,
    0.300104,
    0.297104,
    0.294035,
    0.291161,
    0.288348,
    0.28569,
    0.283351,
    0.281054,
    0.279457,
    0.2769,
    0.274103,
    0.272424,
    0.270301,
    0.268823,
    0.266651,
    0.265378,
    0.263362,
    0.262475,
    0.26066,
    0.259162,
    0.25816,
    0.256396,
    0.255914,
    0.254624,
    0.252449,
    0.251771,
    0.25049,
    0.249671,
    0.247728,
    0.247147,
    0.246057,
    0.247237,
    0.244617,
    0.243583,
    0.242675,
    0.241412,
    0.240759,
    0.240122,
    0.238942,
    0.238983,
    0.237182,
    0.236193,
    0.236332,
    0.234931,
    0.233803,
    0.233066,
    0.232625,
    0.231857,
    0.231577,
    0.230572,
    0.23153,
    0.230184,
    0.229058,
    0.228027,
    0.227731,
    0.226742,
    0.226497,
    0.225621,
    0.224332,
    0.224429,
    0.224078,
    0.22236,
    0.221561,
    0.22156,
    0.22043,
    0.220071,
    0.219674,
    0.21835,
    0.218725,
    0.217942,
    0.217254,
    0.21709,
    0.217385,
    0.216468,
    0.214073,
    0.214501,
    0.21404,
    0.213409,
    0.213995,
    0.213838,
    0.212457,
    0.211203,
    0.210662,
    0.210712,
    0.209317,
    0.209237,
    0.208353,
    0.208667,
    0.20821,
    0.207127,
    0.207336,
    0.205782,
    0.205011,
    0.206103,
    0.204635,
    0.204321,
    0.205871,
    0.20439,
    0.202997,
    0.202118,
    0.20293,
    0.200556,
    0.200845,
    0.200876,
    0.200054,
    0.20234,
    0.19889,
    0.198533,
    0.199272,
    0.198799,
    0.197038,
    0.200686,
    0.19871,
    0.19665,
    0.196462,
    0.196017,
    0.194861,
    0.19467,
    0.194309,
    0.193623,
    0.193872,
    0.194856,
    0.193436,
    0.192855,
    0.193047,
    0.191766,
    0.192441,
    0.191985,
    0.190831,
    0.190386,
    0.190336,
    0.191603,
    0.190226,
    0.189698,
    0.189107,
    0.189921,
    0.1879,
    0.188017,
    0.189512,
    0.189134,
    0.187451,
    0.186901,
    0.18629,
    0.185731,
    0.185975,
    0.185792,
    0.187051,
    0.185268,
    0.183893,
    0.184647,
    0.184033,
    0.184362,
    0.18293,
    0.183638,
    0.183306,
    0.182548,
    0.183267,
    0.183617,
    0.182073,
    0.182844,
    0.181575,
    0.182548,
    0.18028,
    0.181356,
    0.181169,
    0.180529,
    0.179279,
    0.181427,
    0.179328,
    0.180665,
    0.181077,
    0.180134,
    0.178767,
    0.178314,
    0.178497,
    0.177913,
    0.17804,
    0.176602,
    0.177547,
    0.177999,
    0.179134,
    0.176442,
    0.176392,
    0.175763,
    0.17617,
    0.175534,
    0.175363,
    0.175935,
    0.175302,
    0.175218,
    0.17639,
    0.17465,
    0.174157,
    0.174818,
    0.175142,
    0.173519,
    0.172961,
    0.172482,
    0.17464,
    0.172449,
    0.172892,
    0.171738,
    0.171386,
    0.171535,
    0.171436,
    0.170945,
    0.170612,
    0.172474,
    0.17186,
    0.172794,
    0.169862,
    0.172076,
    0.169967,
    0.169595,
    0.170476,
    0.168748,
    0.170547,
    0.168788,
    0.168705,
    0.168094,
    0.168238,
    0.168561,
    0.169251,
    0.169026,
    0.168158,
    0.168233,
    0.168157,
    0.168052,
    0.167026,
    0.166727,
    0.166422,
    0.167526,
    0.166908,
    0.166034,
    0.166795,
    0.166226,
    0.16663,
    0.166646,
    0.165263,
    0.166071,
    0.165714,
    0.166477,
    0.165373,
    0.16759,
    0.165978,
    0.166271,
    0.163902,
    0.164534,
    0.163644,
    0.165092,
    0.164139,
    0.163226,
    0.163833,
    0.164868,
    0.165484,
    0.162488,
    0.162889,
    0.163298,
    0.16512,
    0.163375,
    0.16207,
    0.163447,
    0.162439,
    0.163365,
    0.162131,
    0.161703,
    0.16066,
    0.16142,
    0.161812,
    0.160587,
    0.16029,
    0.160429,
    0.160386,
    0.160819,
    0.160822,
    0.15995,
    0.160685,
    0.158513,
    0.159723,
    0.160565
  ],