{
  "patient": "chb10",
  "model": "SPDNet_classic",
  "device": "cuda",
  "model_params": {
    "n_channels": 21,
    "n_classes": 2,
    "init_shrinkage": 0.1,
    "bimap1_out": 10,
    "bimap2_out": 5,
    "bimap3_out": 2,
    "tangent_dim": 3,
    "architecture": "CovLayer \u2192 Shrinkage \u2192 BiMap \u2192 ReEig \u2192 BiMap \u2192 ReEig \u2192 BiMap \u2192 ReEig \u2192 LogEig \u2192 Linear",
    "reference": "Huang & Van Gool (AAAI 2017)"
  },
  "train_params": {
    "optimizer": "Adam",
    "lr": 0.001,
    "weight_decay": 0.0,
    "loss": "CrossEntropyLoss",
    "epochs": 500,
    "patience": 25,
    "batch_size": 32,
    "train_split": 0.8,
    "val_split_final": 0.9,
    "cv_folds": 5,
    "cv_strategy": "StratifiedKFold",
    "scoring": "balanced_accuracy",
    "seed": 42
  },
  "n_params": 278,
  "n_train": 1609,
  "n_val": 179,
  "n_test": 447,
  "n_ictal_train": 318,
  "n_ictal_val": 40,
  "n_ictal_test": 89,
  "cv_scores": [
    0.967,
    0.8767,
    0.8506,
    0.9385,
    0.8839
  ],
  "cv_mean": 0.9033,
  "cv_std": 0.0428,
  "train_loss_history": [
    0.842276,
    0.68205,
    0.58058,
    0.506813,
    0.453646,
    0.417247,
    0.393373,
    0.375858,
    0.360823,
    0.351725,
    0.341686,
    0.336069,
    0.324712,
    0.31769,
    0.306659,
    0.298978,
    0.292184,
    0.288904,
    0.284014,
    0.280625,
    0.276489,
    0.270638,
    0.267054,
    0.264561,
    0.263079,
    0.259431,
    0.256417,
    0.253618,
    0.250642,
    0.247472,
    0.24492,
    0.245127,
    0.244043,
    0.239446,
    0.235587,
    0.234821,
    0.233706,
    0.231732,
    0.226554,
    0.223344,
    0.223653,
    0.221867,
    0.217793,
    0.216974,
    0.213179,
    0.215501,
    0.209959,
    0.208858,
    0.205666,
    0.20776,
    0.206114,
    0.20205,
    0.204412,
    0.19942,
    0.197515,
    0.197336,
    0.196088,
    0.193784,
    0.191952,
    0.190337,
    0.191533,
    0.185659,
    0.186,
    0.184967,
    0.182555,
    0.180192,
    0.17976,
    0.18018,
    0.17908,
    0.175995,
    0.177502,
    0.177756,
    0.172713,
    0.171163,
    0.171745,
    0.170633,
    0.169094,
    0.166551,
    0.168579,
    0.16428,
    0.163445,
    0.163154,
    0.163766,
    0.161612,
    0.161271,
    0.160425,
    0.157988,
    0.156425,
    0.157499,
    0.155935,
    0.154012,
    0.156096,
    0.153295,
    0.157095,
    0.151217,
    0.15061,
    0.150932,
    0.149781,
    0.150748,
    0.152196,
    0.1493,
    0.146222,
    0.148851,
    0.146667,
    0.144481,
    0.144866,
    0.144189,
    0.147162,
    0.142882,
    0.142556,
    0.142019,
    0.140778,
    0.144114,
    0.140759,
    0.141941,
    0.140205,
    0.138903,
    0.139269,
    0.139025,
    0.138414,
    0.13772,
    0.135529,
    0.139112,
    0.137195,
    0.143387,
    0.14077,
    0.13584,
    0.1344,
    0.137141,
    0.132624,
    0.134832,
    0.134001,
    0.131856,
    0.132405,
    0.131195,
    0.130927,
    0.130907,
    0.130662,
    0.132151,
    0.130346,
    0.128718,
    0.130748,
    0.129419,
    0.133499,
    0.129052,
    0.128394,
    0.12925,
    0.131253,
    0.127152,
    0.127459,
    0.126622,
    0.125334,
    0.130219,
    0.129449,
    0.127769,
    0.126835,
    0.133983,
    0.126551,
    0.127751,
    0.126776,
    0.125283,
    0.125376,
    0.133255,
    0.124493,
    0.125388,
    0.123215,
    0.123045,
    0.123119,
    0.123707,
    0.123593,
    0.122348,
    0.122685,
    0.129557,
    0.122269,
    0.122954,
    0.125736,
    0.124155,
    0.127731,
    0.12089,
    0.122434,
    0.122648,
    0.121257,
    0.120827,
    0.120735,
    0.123965,
    0.1221,
    0.12011,
    0.120729,
    0.120542,
    0.120214,
    0.119223,
    0.118872,
    0.121997,
    0.122289,
    0.120775,
    0.120548,
    0.122209,
    0.119898,
    0.118897,
    0.11849,
    0.118468,
    0.125246,
    0.119842,
    0.120447,
    0.118873,
    0.11766,
    0.117245,
    0.120148,
    0.119628,
    0.119006,
    0.117532,
    0.117241,
    0.116692,
    0.118172,
    0.117816,
    0.116441,
    0.117708,
    0.11822,
    0.117186
  ],
  "val_loss_history": [
    0.744068,
    0.628354,
    0.551679,
    0.49174,
    0.448998,
    0.420381,
    0.401591,
    0.387779,
    0.377669,
    0.368331,
    0.359661,
    0.352489,
    0.344178,
    0.337569,
    0.331585,
    0.326934,
    0.322776,
    0.318454,
    0.313342,
    0.310386,
    0.305566,
    0.303018,
    0.300831,
    0.296835,
    0.293998,
    0.290013,
    0.287443,
    0.284333,
    0.280896,
    0.277961,
    0.277767,
    0.274469,
    0.270547,
    0.269762,
    0.266606,
    0.265074,
    0.261998,
    0.260839,
    0.256746,
    0.254946,
    0.252426,
    0.249385,
    0.249275,
    0.246108,
    0.242699,
    0.243118,
    0.240087,
    0.239806,
    0.239363,
    0.233552,
    0.232482,
    0.23178,
    0.22963,
    0.229766,
    0.226635,
    0.225019,
    0.220453,
    0.222131,
    0.219037,
    0.217766,
    0.215048,
    0.214746,
    0.211911,
    0.211995,
    0.209766,
    0.208856,
    0.205251,
    0.205072,
    0.203469,
    0.205366,
    0.198788,
    0.201843,
    0.201346,
    0.196987,
    0.19675,
    0.194558,
    0.195835,
    0.191206,
    0.192021,
    0.192381,
    0.189283,
    0.186007,
    0.190519,
    0.190479,
    0.182756,
    0.183858,
    0.181065,
    0.183566,
    0.180738,
    0.178617,
    0.182093,
    0.179548,
    0.174956,
    0.175743,
    0.181842,
    0.175524,
    0.176508,
    0.174178,
    0.173288,
    0.170922,
    0.172962,
    0.173185,
    0.171922,
    0.168337,
    0.172324,
    0.167719,
    0.16835,
    0.169052,
    0.161589,
    0.17255,
    0.16805,
    0.166351,
    0.161436,
    0.165131,
    0.160741,
    0.164257,
    0.160906,
    0.16351,
    0.16142,
    0.162034,
    0.162018,
    0.165005,
    0.163405,
    0.15961,
    0.159959,
    0.163649,
    0.157395,
    0.155839,
    0.159114,
    0.155786,
    0.160427,
    0.156873,
    0.157724,
    0.155159,
    0.156352,
    0.151319,
    0.153597,
    0.150537,
    0.157056,
    0.158796,
    0.151174,
    0.150746,
    0.150555,
    0.152707,
    0.162501,
    0.157446,
    0.147508,
    0.15483,
    0.152413,
    0.153951,
    0.15143,
    0.153223,
    0.153866,
    0.155579,
    0.151163,
    0.14819,
    0.153102,
    0.152359,
    0.150232,
    0.152685,
    0.149224,
    0.149185,
    0.153504,
    0.145428,
    0.149396,
    0.146204,
    0.148978,
    0.146477,
    0.154827,
    0.152022,
    0.148033,
    0.149255,
    0.148596,
    0.151772,
    0.151979,
    0.146941,
    0.145876,
    0.149994,
    0.150373,
    0.15191,
    0.14737,
    0.149446,
    0.143536,
    0.149372,
    0.159232,
    0.145487,
    0.15064,
    0.147953,
    0.147146,
    0.145804,
    0.142018,
    0.148694,
    0.150053,
    0.138888,
    0.152484,
    0.150083,
    0.15275,
    0.147662,
    0.146848,
    0.151565,
    0.142069,
    0.148207,
    0.153372,
    0.145121,
    0.146798,
    0.143091,
    0.144809,
    0.151687,
    0.143104,
    0.150919,
    0.148057,
    0.144872,
    0.144621,
    0.14842,
    0.15269,
    0.148058,
    0.146146,
    0.144991,
    0.146751
  ],
  "best_val_loss": 0.138888,
  "stopped_epoch": 219,
  "test_bAcc": 0.927,
  "sensitivity": 0.8764,
  "specificity": 0.9777
}