{
  "patient": "chb11",
  "model": "SPDNet_classic",
  "device": "cuda",
  "model_params": {
    "n_channels": 21,
    "n_classes": 2,
    "init_shrinkage": 0.1,
    "bimap1_out": 10,
    "bimap2_out": 5,
    "bimap3_out": 2,
    "tangent_dim": 3,
    "architecture": "CovLayer \u2192 Shrinkage \u2192 BiMap \u2192 ReEig \u2192 BiMap \u2192 ReEig \u2192 BiMap \u2192 ReEig \u2192 LogEig \u2192 Linear",
    "reference": "Huang & Van Gool (AAAI 2017)"
  },
  "train_params": {
    "optimizer": "Adam",
    "lr": 0.001,
    "weight_decay": 0.0,
    "loss": "CrossEntropyLoss",
    "epochs": 500,
    "patience": 25,
    "batch_size": 32,
    "train_split": 0.8,
    "val_split_final": 0.9,
    "cv_folds": 5,
    "cv_strategy": "StratifiedKFold",
    "scoring": "balanced_accuracy",
    "seed": 42
  },
  "n_params": 278,
  "n_train": 2901,
  "n_val": 323,
  "n_test": 806,
  "n_ictal_train": 584,
  "n_ictal_val": 61,
  "n_ictal_test": 161,
  "cv_scores": [
    0.968,
    0.9419,
    0.9671,
    0.9593,
    0.9554
  ],
  "cv_mean": 0.9583,
  "cv_std": 0.0095,
  "train_loss_history": [
    0.640978,
    0.506542,
    0.445734,
    0.406354,
    0.376645,
    0.352065,
    0.330002,
    0.311507,
    0.294699,
    0.279908,
    0.266371,
    0.254525,
    0.243683,
    0.233685,
    0.225155,
    0.21689,
    0.209531,
    0.202437,
    0.195966,
    0.19061,
    0.184241,
    0.179129,
    0.174916,
    0.170623,
    0.165836,
    0.161827,
    0.158411,
    0.154888,
    0.151571,
    0.147832,
    0.144948,
    0.142594,
    0.13994,
    0.137543,
    0.135262,
    0.132216,
    0.130127,
    0.127698,
    0.125622,
    0.12343,
    0.122247,
    0.120108,
    0.118453,
    0.117386,
    0.116003,
    0.114587,
    0.113021,
    0.111269,
    0.109491,
    0.108788,
    0.108937,
    0.106276,
    0.10496,
    0.103539,
    0.103495,
    0.101306,
    0.100631,
    0.099633,
    0.098693,
    0.097723,
    0.097441,
    0.095425,
    0.096364,
    0.094462,
    0.093915,
    0.092947,
    0.091543,
    0.091021,
    0.090794,
    0.090088,
    0.089659,
    0.090082,
    0.087412,
    0.087038,
    0.087405,
    0.086004,
    0.08626,
    0.084858,
    0.084045,
    0.083721,
    0.083084,
    0.082305,
    0.082687,
    0.082915,
    0.081242,
    0.081193,
    0.080246,
    0.081435,
    0.078554,
    0.079138,
    0.079583,
    0.078289,
    0.078307,
    0.078415,
    0.076707,
    0.075785,
    0.075856,
    0.078161,
    0.075461,
    0.074963,
    0.075241,
    0.074884,
    0.074281,
    0.072808,
    0.073128,
    0.074275,
    0.072977,
    0.073702,
    0.072312,
    0.071275,
    0.073311,
    0.07065,
    0.071673,
    0.07049,
    0.070846,
    0.069366,
    0.070241,
    0.070097,
    0.069451,
    0.069969,
    0.068661,
    0.068856,
    0.068529,
    0.069682,
    0.068492,
    0.06851,
    0.068229,
    0.069137,
    0.067146,
    0.067983,
    0.068498,
    0.067575,
    0.067816,
    0.06753,
    0.065945,
    0.067924,
    0.066189,
    0.065931,
    0.067045,
    0.065735,
    0.065994,
    0.065682,
    0.066036,
    0.066607,
    0.064542,
    0.067159,
    0.065409,
    0.064118,
    0.064184,
    0.064334,
    0.065073,
    0.06447,
    0.064513,
    0.064078,
    0.064755,
    0.063856,
    0.064255,
    0.063479,
    0.063571,
    0.06475,
    0.064083,
    0.064748,
    0.064423,
    0.064162,
    0.062772,
    0.063235,
    0.063787,
    0.064438,
    0.062731,
    0.062518,
    0.061756,
    0.063051,
    0.062387,
    0.061884,
    0.062046,
    0.061674,
    0.061816,
    0.061443,
    0.061838,
    0.062105,
    0.061937,
    0.063231,
    0.06063,
    0.062017,
    0.061178,
    0.061333,
    0.06188,
    0.061511,
    0.061754,
    0.062824,
    0.061842,
    0.061374,
    0.061226,
    0.062317,
    0.064156,
    0.060814,
    0.060966,
    0.060377,
    0.061875,
    0.060234,
    0.061558,
    0.060426,
    0.061317,
    0.06088,
    0.060854,
    0.059573
  ],
  "val_loss_history": [
    0.548812,
    0.463069,
    0.416546,
    0.382836,
    0.356467,
    0.333865,
    0.31409,
    0.297643,
    0.282171,
    0.26886,
    0.258239,
    0.247003,
    0.237743,
    0.229201,
    0.220882,
    0.214892,
    0.207993,
    0.20098,
    0.196566,
    0.192422,
    0.186971,
    0.1825,
    0.177886,
    0.174674,
    0.170177,
    0.166838,
    0.16618,
    0.161398,
    0.156966,
    0.154884,
    0.152589,
    0.15072,
    0.14979,
    0.145714,
    0.143657,
    0.143128,
    0.141459,
    0.139644,
    0.138725,
    0.138597,
    0.135859,
    0.135159,
    0.133235,
    0.131217,
    0.133271,
    0.129344,
    0.127476,
    0.125691,
    0.127029,
    0.128154,
    0.122705,
    0.122154,
    0.122404,
    0.120457,
    0.12315,
    0.118828,
    0.120576,
    0.116365,
    0.120374,
    0.117428,
    0.114113,
    0.116747,
    0.112868,
    0.111999,
    0.113538,
    0.11158,
    0.111266,
    0.108948,
    0.114281,
    0.108445,
    0.109964,
    0.108003,
    0.106535,
    0.109143,
    0.107249,
    0.107295,
    0.104181,
    0.104756,
    0.103174,
    0.102903,
    0.10175,
    0.102523,
    0.102935,
    0.099878,
    0.099933,
    0.099479,
    0.097442,
    0.097789,
    0.100308,
    0.096609,
    0.096636,
    0.098566,
    0.098452,
    0.096806,
    0.096306,
    0.094177,
    0.095962,
    0.09397,
    0.093299,
    0.092683,
    0.093633,
    0.094177,
    0.09536,
    0.092867,
    0.094232,
    0.08964,
    0.091414,
    0.08941,
    0.092911,
    0.090995,
    0.094146,
    0.088922,
    0.088692,
    0.089558,
    0.089594,
    0.099314,
    0.089804,
    0.089194,
    0.088074,
    0.089431,
    0.087189,
    0.088977,
    0.087811,
    0.085778,
    0.086687,
    0.087311,
    0.087558,
    0.094217,
    0.085846,
    0.090947,
    0.083975,
    0.08471,
    0.087013,
    0.084332,
    0.08745,
    0.08327,
    0.08449,
    0.086882,
    0.088909,
    0.085671,
    0.085891,
    0.083188,
    0.084159,
    0.089561,
    0.085412,
    0.08373,
    0.085635,
    0.084461,
    0.083535,
    0.082897,
    0.08297,
    0.083632,
    0.086041,
    0.083514,
    0.083564,
    0.08377,
    0.079885,
    0.08389,
    0.085656,
    0.102664,
    0.086668,
    0.084503,
    0.082344,
    0.08181,
    0.081013,
    0.083448,
    0.083868,
    0.082881,
    0.081894,
    0.081321,
    0.081881,
    0.082644,
    0.081135,
    0.086984,
    0.082204,
    0.081822,
    0.086446,
    0.081784,
    0.080337,
    0.083006,
    0.079215,
    0.080774,
    0.08913,
    0.079268,
    0.080093,
    0.085277,
    0.083055,
    0.080297,
    0.084643,
    0.084706,
    0.081406,
    0.080193,
    0.09147,
    0.080044,
    0.082698,
    0.085447,
    0.08075,
    0.08645,
    0.084339,
    0.081208,
    0.085017,
    0.081563,
    0.085025,
    0.0815,
    0.080709,
    0.086115
  ],
  "best_val_loss": 0.079215,
  "stopped_epoch": 206,
  "test_bAcc": 0.9581,
  "sensitivity": 0.9379,
  "specificity": 0.9783
}