{
  "patient": "chb17",
  "model": "SPDNet_v2",
  "device": "cuda",
  "model_params": {
    "n_channels": 21,
    "n_classes": 2,
    "subspacedim": 8,
    "reference": "spd_learn SPDNet \u2014 Huang & Van Gool (AAAI 2017), input_type=raw, subspacedim=8"
  },
  "train_params": {
    "optimizer": "Adam",
    "lr": 0.001,
    "weight_decay": 0.0,
    "loss": "CrossEntropyLoss",
    "epochs": 500,
    "patience": 30,
    "batch_size": 32,
    "train_split": 0.8,
    "val_split_final": 0.9,
    "cv_folds": 5,
    "cv_strategy": "StratifiedKFold",
    "scoring": "balanced_accuracy",
    "seed": 42
  },
  "n_params": 242,
  "n_train": 1054,
  "n_val": 118,
  "n_test": 293,
  "n_ictal_train": 205,
  "n_ictal_val": 29,
  "n_ictal_test": 59,
  "cv_scores": [
    0.883,
    0.9362,
    0.9106,
    0.9254,
    0.8722
  ],
  "cv_mean": 0.9055,
  "cv_std": 0.0244,
  "train_loss_history": [
    0.452011,
    0.338525,
    0.3062,
    0.280683,
    0.261253,
    0.246118,
    0.23402,
    0.224345,
    0.216631,
    0.208974,
    0.20268,
    0.197113,
    0.191984,
    0.187359,
    0.183377,
    0.179446,
    0.175507,
    0.172483,
    0.169078,
    0.166583,
    0.163261,
    0.160558,
    0.158083,
    0.155502,
    0.153482,
    0.151094,
    0.147906,
    0.145724,
    0.143828,
    0.140178,
    0.138181,
    0.135932,
    0.133466,
    0.131062,
    0.12881,
    0.12809,
    0.124618,
    0.122298,
    0.120344,
    0.117935,
    0.116486,
    0.114394,
    0.112389,
    0.110639,
    0.108649,
    0.108113,
    0.106966,
    0.105084,
    0.103373,
    0.102661,
    0.100988,
    0.099975,
    0.098927,
    0.09793,
    0.096726,
    0.096424,
    0.094936,
    0.095338,
    0.093403,
    0.092585,
    0.09131,
    0.091371,
    0.089242,
    0.088283,
    0.087831,
    0.087378,
    0.085909,
    0.085171,
    0.084725,
    0.083969,
    0.083665,
    0.083435,
    0.082326,
    0.080916,
    0.082254,
    0.080965,
    0.07945,
    0.078709,
    0.079932,
    0.079236,
    0.077765,
    0.077002,
    0.076063,
    0.076085,
    0.075317,
    0.074887,
    0.073899,
    0.073485,
    0.073235,
    0.072811,
    0.072126,
    0.072049,
    0.071137,
    0.071229,
    0.07042,
    0.068852,
    0.069177,
    0.067787
  ],
  "val_loss_history": [
    0.429465,
    0.394154,
    0.362399,
    0.338679,
    0.319633,
    0.30586,
    0.293068,
    0.283091,
    0.276413,
    0.268697,
    0.263465,
    0.258779,
    0.253841,
    0.251075,
    0.247115,
    0.244526,
    0.241124,
    0.237789,
    0.234868,
    0.23282,
    0.230925,
    0.228712,
    0.227058,
    0.223149,
    0.224128,
    0.222247,
    0.220779,
    0.217084,
    0.215581,
    0.214403,
    0.213837,
    0.213239,
    0.211036,
    0.210939,
    0.207197,
    0.206659,
    0.206895,
    0.208667,
    0.204002,
    0.204807,
    0.203763,
    0.202838,
    0.201066,
    0.201535,
    0.201471,
    0.200572,
    0.198355,
    0.197153,
    0.197804,
    0.200324,
    0.195922,
    0.201216,
    0.195899,
    0.196681,
    0.198432,
    0.195617,
    0.194918,
    0.193881,
    0.198564,
    0.195419,
    0.196234,
    0.194772,
    0.196152,
    0.194694,
    0.197319,
    0.197346,
    0.197788,
    0.192871,
    0.199476,
    0.196427,
    0.198693,
    0.196473,
    0.195586,
    0.201914,
    0.195961,
    0.194783,
    0.197753,
    0.202725,
    0.20677,
    0.200524,
    0.200152,
    0.200921,
    0.198581,
    0.200016,
    0.19982,
    0.208731,
    0.202,
    0.203769,
    0.205195,
    0.200023,
    0.207276,
    0.205485,
    0.206773,
    0.207569,
    0.207244,
    0.211719,
    0.213898,
    0.209309
  ],
  "best_val_loss": 0.192871,
  "stopped_epoch": 98,
  "test_bAcc": 0.9236,
  "sensitivity": 0.8814,
  "specificity": 0.9658
}