{
  "patient": "chb10",
  "model": "SPDNet_v2",
  "device": "cuda",
  "model_params": {
    "n_channels": 21,
    "n_classes": 2,
    "subspacedim": 8,
    "reference": "spd_learn SPDNet \u2014 Huang & Van Gool (AAAI 2017), input_type=raw, subspacedim=8"
  },
  "train_params": {
    "optimizer": "Adam",
    "lr": 0.001,
    "weight_decay": 0.0,
    "loss": "CrossEntropyLoss",
    "epochs": 500,
    "patience": 30,
    "batch_size": 32,
    "train_split": 0.8,
    "val_split_final": 0.9,
    "cv_folds": 5,
    "cv_strategy": "StratifiedKFold",
    "scoring": "balanced_accuracy",
    "seed": 42
  },
  "n_params": 242,
  "n_train": 1609,
  "n_val": 179,
  "n_test": 447,
  "n_ictal_train": 318,
  "n_ictal_val": 40,
  "n_ictal_test": 89,
  "cv_scores": [
    0.934,
    0.9183,
    0.894,
    0.9578,
    0.9173
  ],
  "cv_mean": 0.9243,
  "cv_std": 0.0211,
  "train_loss_history": [
    0.428496,
    0.326072,
    0.298265,
    0.27743,
    0.262603,
    0.243039,
    0.225308,
    0.206977,
    0.196438,
    0.182633,
    0.174197,
    0.167375,
    0.157093,
    0.150433,
    0.149277,
    0.140482,
    0.13513,
    0.131305,
    0.125191,
    0.121522,
    0.118672,
    0.114755,
    0.11081,
    0.107581,
    0.107989,
    0.101769,
    0.100826,
    0.098785,
    0.097546,
    0.09494,
    0.091072,
    0.091206,
    0.088131,
    0.086206,
    0.084699,
    0.084397,
    0.0825,
    0.085203,
    0.080134,
    0.079635,
    0.078574,
    0.076678,
    0.07594,
    0.074081,
    0.073209,
    0.072725,
    0.071681,
    0.070898,
    0.070024,
    0.069752,
    0.067577,
    0.067287,
    0.06766,
    0.067132,
    0.064594,
    0.063971,
    0.063505,
    0.062621,
    0.0622,
    0.061218,
    0.060508,
    0.059911,
    0.059639,
    0.059306,
    0.057763,
    0.059022,
    0.057342,
    0.057055,
    0.056006,
    0.055622,
    0.055308,
    0.054788,
    0.053885,
    0.054042,
    0.053161,
    0.05494,
    0.051917,
    0.05336,
    0.055755,
    0.053318,
    0.053696,
    0.051986,
    0.049529,
    0.049151,
    0.048845,
    0.04828,
    0.050609,
    0.050417,
    0.047297,
    0.047174,
    0.046541,
    0.046319,
    0.045715,
    0.045711,
    0.044926,
    0.045574,
    0.046321,
    0.044833,
    0.04379,
    0.045106,
    0.043082,
    0.042845,
    0.043516,
    0.042766,
    0.041906,
    0.041374,
    0.043639,
    0.042448,
    0.041095,
    0.041162,
    0.040235,
    0.041239,
    0.039838,
    0.040777,
    0.039747,
    0.038778,
    0.038487,
    0.039322,
    0.03923,
    0.038662,
    0.038261,
    0.037016,
    0.038305,
    0.037093,
    0.037507,
    0.037104,
    0.036621,
    0.036465,
    0.036963,
    0.035828,
    0.035471,
    0.035752,
    0.035833,
    0.035151,
    0.034941,
    0.035185,
    0.035588,
    0.034485,
    0.034098,
    0.037537,
    0.035083,
    0.033692,
    0.033567,
    0.032921,
    0.031935,
    0.035619,
    0.032802,
    0.03222,
    0.032165,
    0.033631,
    0.031213,
    0.032675,
    0.031307,
    0.031786,
    0.030815,
    0.032636,
    0.030176,
    0.030654,
    0.032695,
    0.030622,
    0.029596,
    0.030113,
    0.029045,
    0.029637,
    0.029111,
    0.028671,
    0.029398,
    0.028709,
    0.027819,
    0.02923,
    0.027935,
    0.028267,
    0.027824,
    0.027172
  ],
  "val_loss_history": [
    0.371247,
    0.339339,
    0.317327,
    0.295822,
    0.276121,
    0.257647,
    0.243509,
    0.229251,
    0.215637,
    0.206214,
    0.197932,
    0.188919,
    0.184239,
    0.179588,
    0.172534,
    0.172462,
    0.167454,
    0.161855,
    0.160948,
    0.155246,
    0.155005,
    0.153211,
    0.149317,
    0.146527,
    0.146773,
    0.143485,
    0.14649,
    0.141276,
    0.141272,
    0.142015,
    0.135488,
    0.136527,
    0.137774,
    0.134613,
    0.134238,
    0.133995,
    0.130319,
    0.135743,
    0.131311,
    0.131119,
    0.129719,
    0.130103,
    0.132274,
    0.131718,
    0.130458,
    0.129026,
    0.129271,
    0.129509,
    0.128132,
    0.129448,
    0.129041,
    0.126601,
    0.126296,
    0.129111,
    0.128664,
    0.128,
    0.128968,
    0.127547,
    0.129673,
    0.125695,
    0.125231,
    0.126608,
    0.126424,
    0.125645,
    0.12475,
    0.127932,
    0.123165,
    0.123392,
    0.124545,
    0.123194,
    0.123217,
    0.12119,
    0.12286,
    0.12519,
    0.124721,
    0.121909,
    0.123457,
    0.12145,
    0.122392,
    0.119153,
    0.119961,
    0.120401,
    0.122235,
    0.121978,
    0.120772,
    0.12227,
    0.121977,
    0.121952,
    0.12158,
    0.123643,
    0.119315,
    0.119821,
    0.120447,
    0.118001,
    0.118357,
    0.117563,
    0.116076,
    0.120727,
    0.117286,
    0.117495,
    0.117522,
    0.116648,
    0.117351,
    0.11817,
    0.115734,
    0.115997,
    0.115891,
    0.118591,
    0.115777,
    0.116279,
    0.116254,
    0.116176,
    0.112747,
    0.116547,
    0.114529,
    0.11262,
    0.11516,
    0.112492,
    0.112466,
    0.114367,
    0.110738,
    0.115138,
    0.113012,
    0.109933,
    0.108861,
    0.110847,
    0.109205,
    0.107881,
    0.110069,
    0.110612,
    0.108728,
    0.109854,
    0.108275,
    0.106923,
    0.108028,
    0.105674,
    0.106139,
    0.108405,
    0.107729,
    0.107293,
    0.10436,
    0.104606,
    0.105241,
    0.103846,
    0.107616,
    0.105935,
    0.106593,
    0.107468,
    0.106154,
    0.105055,
    0.105219,
    0.106078,
    0.10446,
    0.105161,
    0.105227,
    0.104537,
    0.107974,
    0.104434,
    0.103913,
    0.105168,
    0.105468,
    0.104441,
    0.106387,
    0.106554,
    0.105104,
    0.106373,
    0.104779,
    0.107461,
    0.107922,
    0.108164,
    0.10633,
    0.106949,
    0.106319,
    0.10617
  ],
  "best_val_loss": 0.103846,
  "stopped_epoch": 174,
  "test_bAcc": 0.9383,
  "sensitivity": 0.9101,
  "specificity": 0.9665
}