{
  "patient": "chb13",
  "model": "SPDNet_v2",
  "device": "cuda",
  "model_params": {
    "n_channels": 21,
    "n_classes": 2,
    "subspacedim": 8,
    "reference": "spd_learn SPDNet \u2014 Huang & Van Gool (AAAI 2017), input_type=raw, subspacedim=8"
  },
  "train_params": {
    "optimizer": "Adam",
    "lr": 0.001,
    "weight_decay": 0.0,
    "loss": "CrossEntropyLoss",
    "epochs": 500,
    "patience": 30,
    "batch_size": 32,
    "train_split": 0.8,
    "val_split_final": 0.9,
    "cv_folds": 5,
    "cv_strategy": "StratifiedKFold",
    "scoring": "balanced_accuracy",
    "seed": 42
  },
  "n_params": 242,
  "n_train": 1584,
  "n_val": 176,
  "n_test": 440,
  "n_ictal_train": 311,
  "n_ictal_val": 41,
  "n_ictal_test": 88,
  "cv_scores": [
    0.8501,
    0.8216,
    0.8911,
    0.8872,
    0.889
  ],
  "cv_mean": 0.8678,
  "cv_std": 0.0276,
  "train_loss_history": [
    0.644491,
    0.436372,
    0.359425,
    0.310363,
    0.274307,
    0.249253,
    0.237309,
    0.219994,
    0.211295,
    0.20452,
    0.199063,
    0.193177,
    0.192029,
    0.186633,
    0.182271,
    0.181861,
    0.178285,
    0.177752,
    0.17532,
    0.173019,
    0.170375,
    0.170364,
    0.166757,
    0.168756,
    0.165757,
    0.161282,
    0.159847,
    0.159048,
    0.157483,
    0.157097,
    0.154908,
    0.155143,
    0.153617,
    0.151935,
    0.153554,
    0.151273,
    0.150472,
    0.15427,
    0.150246,
    0.148687,
    0.14723,
    0.146847,
    0.145428,
    0.14627,
    0.145419,
    0.144816,
    0.145377,
    0.144534,
    0.142567,
    0.14074,
    0.140443,
    0.138975,
    0.138818,
    0.138884,
    0.138733,
    0.140362,
    0.140808,
    0.136505,
    0.136352,
    0.136591,
    0.134811,
    0.136605,
    0.133576,
    0.135618,
    0.133248,
    0.13403,
    0.134247,
    0.132415,
    0.132837,
    0.131781,
    0.131219,
    0.130909,
    0.1318,
    0.128989,
    0.132642,
    0.129302,
    0.130937,
    0.128433,
    0.129152,
    0.128379,
    0.128784,
    0.127542,
    0.129782,
    0.12686,
    0.126941,
    0.126039,
    0.128177,
    0.126125,
    0.126036,
    0.125354,
    0.12758
  ],
  "val_loss_history": [
    0.522711,
    0.431221,
    0.365236,
    0.320541,
    0.287021,
    0.262915,
    0.24495,
    0.232702,
    0.222923,
    0.214369,
    0.20815,
    0.203877,
    0.199142,
    0.195678,
    0.192758,
    0.190108,
    0.18992,
    0.188093,
    0.186664,
    0.185067,
    0.185116,
    0.183866,
    0.184333,
    0.183596,
    0.183157,
    0.181191,
    0.181773,
    0.180938,
    0.180188,
    0.181237,
    0.18122,
    0.179718,
    0.178763,
    0.180325,
    0.179881,
    0.178164,
    0.178551,
    0.17744,
    0.178468,
    0.180707,
    0.178774,
    0.178959,
    0.178947,
    0.178333,
    0.177454,
    0.176596,
    0.176146,
    0.176608,
    0.175488,
    0.177345,
    0.175035,
    0.175271,
    0.17639,
    0.175021,
    0.175542,
    0.174881,
    0.176055,
    0.175098,
    0.17629,
    0.175773,
    0.173496,
    0.175609,
    0.17452,
    0.175737,
    0.176845,
    0.175337,
    0.176237,
    0.17868,
    0.17662,
    0.173716,
    0.17546,
    0.176941,
    0.179046,
    0.176982,
    0.177997,
    0.17823,
    0.178197,
    0.177991,
    0.178515,
    0.177177,
    0.178084,
    0.182125,
    0.179085,
    0.179874,
    0.178577,
    0.178861,
    0.179301,
    0.181791,
    0.179221,
    0.181814,
    0.18079
  ],
  "best_val_loss": 0.173496,
  "stopped_epoch": 91,
  "test_bAcc": 0.8977,
  "sensitivity": 0.8636,
  "specificity": 0.9318
}