{
  "patient": "chb19",
  "model": "SPDNet_classic",
  "device": "cuda",
  "model_params": {
    "n_channels": 21,
    "n_classes": 2,
    "init_shrinkage": 0.1,
    "bimap1_out": 10,
    "bimap2_out": 5,
    "bimap3_out": 2,
    "tangent_dim": 3,
    "architecture": "CovLayer \u2192 Shrinkage \u2192 BiMap \u2192 ReEig \u2192 BiMap \u2192 ReEig \u2192 BiMap \u2192 ReEig \u2192 LogEig \u2192 Linear",
    "reference": "Huang & Van Gool (AAAI 2017)"
  },
  "train_params": {
    "optimizer": "Adam",
    "lr": 0.001,
    "weight_decay": 0.0,
    "loss": "CrossEntropyLoss",
    "epochs": 500,
    "patience": 25,
    "batch_size": 32,
    "train_split": 0.8,
    "val_split_final": 0.9,
    "cv_folds": 5,
    "cv_strategy": "StratifiedKFold",
    "scoring": "balanced_accuracy",
    "seed": 42
  },
  "n_params": 278,
  "n_train": 849,
  "n_val": 95,
  "n_test": 236,
  "n_ictal_train": 169,
  "n_ictal_val": 20,
  "n_ictal_test": 47,
  "cv_scores": [
    0.9571,
    0.8815,
    0.9078,
    0.7431,
    0.8991
  ],
  "cv_mean": 0.8777,
  "cv_std": 0.0718,
  "train_loss_history": [
    0.650782,
    0.597552,
    0.546007,
    0.501488,
    0.467211,
    0.439873,
    0.421292,
    0.405549,
    0.394786,
    0.386461,
    0.373453,
    0.366149,
    0.362215,
    0.350464,
    0.345692,
    0.338972,
    0.334295,
    0.326863,
    0.321754,
    0.319557,
    0.311786,
    0.308918,
    0.306119,
    0.300686,
    0.300796,
    0.295676,
    0.290429,
    0.285713,
    0.28517,
    0.283611,
    0.275754,
    0.275147,
    0.270588,
    0.26916,
    0.264255,
    0.265715,
    0.261305,
    0.258863,
    0.254847,
    0.256839,
    0.250159,
    0.247525,
    0.245477,
    0.242738,
    0.240087,
    0.238607,
    0.236476,
    0.236394,
    0.234507,
    0.231587,
    0.229785,
    0.22863,
    0.228173,
    0.226312,
    0.225559,
    0.22168,
    0.222159,
    0.216884,
    0.215799,
    0.214256,
    0.212474,
    0.211322,
    0.210964,
    0.211311,
    0.206853,
    0.209732,
    0.20935,
    0.207989,
    0.204851,
    0.204278,
    0.202407,
    0.201292,
    0.199611,
    0.198907,
    0.197654,
    0.196127,
    0.193595,
    0.192149,
    0.191824,
    0.192271,
    0.193413,
    0.188319,
    0.188989,
    0.188905,
    0.186893,
    0.186205,
    0.183507,
    0.183457,
    0.184174,
    0.180875,
    0.181212,
    0.1811,
    0.182215,
    0.18018,
    0.177284,
    0.176679,
    0.176298,
    0.179714,
    0.175767,
    0.177401,
    0.173115,
    0.174095,
    0.17279,
    0.171909,
    0.173631,
    0.17121,
    0.173716,
    0.167722,
    0.170559,
    0.168376,
    0.16797,
    0.166251,
    0.16911,
    0.165997,
    0.165301,
    0.165446,
    0.163221,
    0.163622,
    0.162214,
    0.164091,
    0.16138,
    0.162942,
    0.158764,
    0.162121,
    0.160512,
    0.159411,
    0.156756,
    0.15812,
    0.158306,
    0.15662,
    0.157453,
    0.157576,
    0.154089,
    0.157666,
    0.156667,
    0.155261,
    0.153854,
    0.153517,
    0.1534,
    0.151824,
    0.152885,
    0.150433,
    0.153912,
    0.149423,
    0.150619,
    0.152113,
    0.149832,
    0.149817,
    0.148947,
    0.151033,
    0.147725,
    0.150523,
    0.148312,
    0.14636,
    0.147966,
    0.145943,
    0.147117,
    0.145283,
    0.144641,
    0.145244,
    0.143732,
    0.143573,
    0.147222,
    0.143725,
    0.142142,
    0.141885,
    0.144746,
    0.14211,
    0.140079,
    0.142272,
    0.140326,
    0.140535,
    0.142068,
    0.140517,
    0.140681,
    0.139459,
    0.139132,
    0.140771,
    0.143337,
    0.138499,
    0.144708,
    0.141088,
    0.137165,
    0.138515,
    0.139287,
    0.140366,
    0.138421,
    0.139566,
    0.137418,
    0.137182,
    0.14177,
    0.142865,
    0.136952,
    0.13461,
    0.136567,
    0.137052,
    0.140385,
    0.133635,
    0.133886,
    0.134481,
    0.136388,
    0.133391,
    0.133278,
    0.133998,
    0.134858,
    0.133318,
    0.133101,
    0.133056,
    0.132566,
    0.134755,
    0.131938,
    0.132801,
    0.132257,
    0.134609,
    0.130082,
    0.130694,
    0.130436,
    0.13074,
    0.130927,
    0.131356,
    0.129443,
    0.136174,
    0.130985,
    0.131003,
    0.131035,
    0.129699,
    0.12975,
    0.129892,
    0.130702,
    0.129033,
    0.129241,
    0.128375,
    0.12838,
    0.128377,
    0.129047,
    0.128621,
    0.129583,
    0.132572,
    0.128833,
    0.126701,
    0.133039,
    0.12625,
    0.127597,
    0.126378,
    0.126533,
    0.126196,
    0.12617,
    0.125541,
    0.126711,
    0.125416,
    0.12926,
    0.126748,
    0.125062,
    0.125391,
    0.130361,
    0.124299,
    0.124367,
    0.125959,
    0.125989,
    0.125032,
    0.130134,
    0.124235,
    0.126616,
    0.125688,
    0.125487,
    0.123105,
    0.12615,
    0.123105,
    0.12312,
    0.123845,
    0.125072,
    0.123353,
    0.124041,
    0.123371,
    0.12526,
    0.124291,
    0.122112,
    0.120861,
    0.12446,
    0.122889,
    0.122789,
    0.121242,
    0.122967,
    0.121252,
    0.125438,
    0.121372,
    0.120943,
    0.123839,
    0.12242,
    0.121042,
    0.123884,
    0.121067,
    0.123128,
    0.122668,
    0.123837,
    0.121056,
    0.120554,
    0.123255,
    0.12187,
    0.123104,
    0.122431,
    0.123477,
    0.12332,
    0.122119,
    0.120117,
    0.120868,
    0.120676,
    0.119726,
    0.122068,
    0.118937,
    0.119934,
    0.121037,
    0.120338,
    0.12116,
    0.118111,
    0.122674,
    0.119379,
    0.122295,
    0.117845,
    0.119633,
    0.118389,
    0.118846,
    0.118453,
    0.118579,
    0.124162,
    0.118164,
    0.119731,
    0.119272,
    0.121151,
    0.117961,
    0.118763,
    0.120363,
    0.118429,
    0.116958,
    0.119295,
    0.117758,
    0.118059,
    0.11734,
    0.116602,
    0.117477,
    0.120604,
    0.117023,
    0.116701,
    0.115958,
    0.118617,
    0.118517,
    0.121361,
    0.120044,
    0.116916,
    0.121101,
    0.116589,
    0.122335,
    0.117191,
    0.119469,
    0.120681,
    0.115795,
    0.116826,
    0.11719
  ],