{
  "patient": "chb21",
  "model": "SPDNet_classic",
  "device": "cuda",
  "model_params": {
    "n_channels": 21,
    "n_classes": 2,
    "init_shrinkage": 0.1,
    "bimap1_out": 10,
    "bimap2_out": 5,
    "bimap3_out": 2,
    "tangent_dim": 3,
    "architecture": "CovLayer \u2192 Shrinkage \u2192 BiMap \u2192 ReEig \u2192 BiMap \u2192 ReEig \u2192 BiMap \u2192 ReEig \u2192 LogEig \u2192 Linear",
    "reference": "Huang & Van Gool (AAAI 2017)"
  },
  "train_params": {
    "optimizer": "Adam",
    "lr": 0.001,
    "weight_decay": 0.0,
    "loss": "CrossEntropyLoss",
    "epochs": 500,
    "patience": 25,
    "batch_size": 32,
    "train_split": 0.8,
    "val_split_final": 0.9,
    "cv_folds": 5,
    "cv_strategy": "StratifiedKFold",
    "scoring": "balanced_accuracy",
    "seed": 42
  },
  "n_params": 278,
  "n_train": 381,
  "n_val": 43,
  "n_test": 106,
  "n_ictal_train": 73,
  "n_ictal_val": 12,
  "n_ictal_test": 21,
  "cv_scores": [
    0.6912,
    0.8676,
    0.7059,
    0.7279,
    0.8455
  ],
  "cv_mean": 0.7676,
  "cv_std": 0.0739,
  "train_loss_history": [
    0.592459,
    0.539926,
    0.511313,
    0.49693,
    0.486928,
    0.480328,
    0.473945,
    0.468194,
    0.463257,
    0.458622,
    0.453804,
    0.449763,
    0.445816,
    0.44275,
    0.439755,
    0.435714,
    0.433394,
    0.429145,
    0.42715,
    0.424309,
    0.422387,
    0.417897,
    0.415711,
    0.412639,
    0.411364,
    0.409129,
    0.407408,
    0.405205,
    0.403182,
    0.399646,
    0.397409,
    0.395711,
    0.393709,
    0.390894,
    0.388465,
    0.388988,
    0.385232,
    0.384209,
    0.38108,
    0.379058,
    0.377618,
    0.375786,
    0.375033,
    0.373245,
    0.372185,
    0.370306,
    0.368112,
    0.366969,
    0.366263,
    0.364254,
    0.362867,
    0.361693,
    0.36103,
    0.358626,
    0.357524,
    0.356368,
    0.35487,
    0.352376,
    0.351527,
    0.349676,
    0.349216,
    0.347363,
    0.346904,
    0.345133,
    0.345118,
    0.342908,
    0.342006,
    0.341291,
    0.339681,
    0.338816,
    0.337719,
    0.336674,
    0.337038,
    0.333245,
    0.332999,
    0.332109,
    0.331138,
    0.330783,
    0.329359,
    0.327778,
    0.327057,
    0.326659,
    0.325199,
    0.32369,
    0.325113,
    0.322865,
    0.321752,
    0.321058,
    0.320201,
    0.320222,
    0.319185,
    0.317285,
    0.316617,
    0.315445,
    0.31559,
    0.315174,
    0.315344,
    0.313498,
    0.31241,
    0.311068,
    0.311292,
    0.309717,
    0.309407,
    0.308062,
    0.307075,
    0.305985,
    0.304621,
    0.304622,
    0.30388,
    0.303488,
    0.302751,
    0.301644,
    0.302248,
    0.301073,
    0.299727,
    0.298722,
    0.298108,
    0.299026,
    0.296778,
    0.296144,
    0.295492,
    0.294672,
    0.294161,
    0.292277,
    0.292099,
    0.291286,
    0.291564,
    0.289769,
    0.290533,
    0.28926,
    0.288407,
    0.287905,
    0.286359,
    0.287447,
    0.285426,
    0.286532,
    0.284848,
    0.284837,
    0.283107,
    0.28255,
    0.282366,
    0.280248,
    0.279563,
    0.281744,
    0.279124,
    0.278693,
    0.277365,
    0.277303,
    0.275718,
    0.275897,
    0.274682,
    0.273456,
    0.272889,
    0.27231,
    0.272287,
    0.27272,
    0.270114,
    0.271041,
    0.268936,
    0.269428,
    0.268351,
    0.268515,
    0.267912,
    0.265755,
    0.264881,
    0.265292,
    0.264549,
    0.262912,
    0.264049,
    0.263083,
    0.261729,
    0.260415,
    0.260525,
    0.259175,
    0.259772,
    0.259115,
    0.259599,
    0.25673,
    0.258258,
    0.25588,
    0.256269,
    0.255372,
    0.25512,
    0.254342,
    0.255268,
    0.257135,
    0.253289,
    0.251804,
    0.251707,
    0.251348,
    0.251255,
    0.249492,
    0.249023,
    0.249169,
    0.24875,
    0.248399,
    0.24813,
    0.246347,
    0.245746,
    0.246402,
    0.245651,
    0.244573,
    0.244186,
    0.244657,
    0.244524,
    0.243279,
    0.243953,
    0.242376,
    0.240765,
    0.24148,
    0.241101,
    0.24057,
    0.239971,
    0.239431,
    0.238984,
    0.23877,
    0.238894,
    0.240112,
    0.236908,
    0.237338,
    0.236652,
    0.237295,
    0.235333,
    0.234975,
    0.234217,
    0.234496,
    0.234618,
    0.233909,
    0.233257,
    0.232551,
    0.23145,
    0.231665,
    0.230753,
    0.231219,
    0.230095,
    0.230097,
    0.229819,
    0.230095,
    0.228179,
    0.228887,
    0.229231,
    0.227802,
    0.228345,
    0.226246,
    0.226536,
    0.226785,
    0.224953,
    0.225318,
    0.226653,
    0.225253,
    0.224512,
    0.223907,
    0.223324,
    0.22275,
    0.225045,
    0.222629,
    0.222764,
    0.222019,
    0.22118,
    0.22056,
    0.220372,
    0.220347,
    0.219193,
    0.219679,
    0.219855,
    0.218601,
    0.219134,
    0.220635,
    0.217018,
    0.217876,
    0.217237,
    0.218011,
    0.216699,
    0.2176,
    0.217098,
    0.215889,
    0.214025,
    0.216435,
    0.214978,
    0.213714,
    0.213642,
    0.212969,
    0.213433,
    0.212311,
    0.212136,
    0.21415,
    0.210495,
    0.211374,
    0.211736,
    0.210649,
    0.209841,
    0.211268,
    0.211337,
    0.209909,
    0.210303,
    0.208837,
    0.210032,
    0.20818,
    0.208465,
    0.207267,
    0.207588,
    0.207312,
    0.207392,
    0.207205,
    0.20698,
    0.206819,
    0.205473,
    0.205864,
    0.205173,
    0.206578,
    0.203379,
    0.203876,
    0.204002,
    0.203266,
    0.202198,
    0.203229,
    0.202499,
    0.201657,
    0.202344,
    0.202443,
    0.202388,
    0.201999,
    0.200769,
    0.200003,
    0.200451,
    0.199978,
    0.200343,
    0.198897,
    0.198611,
    0.198678,
    0.197853,
    0.198083,
    0.198663,
    0.197299,
    0.198373,
    0.196724,
    0.197343,
    0.19781,
    0.196653,
    0.196935,
    0.196241,
    0.195818,
    0.19525,
    0.196143,
    0.195551,
    0.194584,
    0.193923,
    0.194287,
    0.194102,
    0.193239,
    0.196154,
    0.19418,
    0.192305,
    0.1934,
    0.192504,
    0.193251,
    0.191665,
    0.192374,
    0.192744,
    0.191674,
    0.190857,
    0.190773,
    0.190337,
    0.190586,
    0.190034,
    0.189927,
    0.191168,
    0.191817,
    0.189381,
    0.189451,
    0.189141,
    0.188822,
    0.188757,
    0.188762,
    0.186638,
    0.186876,
    0.188568,
    0.18853,
    0.185965,
    0.187246,
    0.18651,
    0.186569,
    0.185331,
    0.185729,
    0.184757,
    0.185112,
    0.185522,
    0.186286,
    0.184057,
    0.183773,
    0.183879,
    0.183574,
    0.183573,
    0.184525,
    0.182557
  ],