{
  "patient": "chb20",
  "model": "SPDNet_classic",
  "device": "cuda",
  "model_params": {
    "n_channels": 21,
    "n_classes": 2,
    "init_shrinkage": 0.1,
    "bimap1_out": 10,
    "bimap2_out": 5,
    "bimap3_out": 2,
    "tangent_dim": 3,
    "architecture": "CovLayer \u2192 Shrinkage \u2192 BiMap \u2192 ReEig \u2192 BiMap \u2192 ReEig \u2192 BiMap \u2192 ReEig \u2192 LogEig \u2192 Linear",
    "reference": "Huang & Van Gool (AAAI 2017)"
  },
  "train_params": {
    "optimizer": "Adam",
    "lr": 0.001,
    "weight_decay": 0.0,
    "loss": "CrossEntropyLoss",
    "epochs": 500,
    "patience": 25,
    "batch_size": 32,
    "train_split": 0.8,
    "val_split_final": 0.9,
    "cv_folds": 5,
    "cv_strategy": "StratifiedKFold",
    "scoring": "balanced_accuracy",
    "seed": 42
  },
  "n_params": 278,
  "n_train": 1058,
  "n_val": 118,
  "n_test": 294,
  "n_ictal_train": 206,
  "n_ictal_val": 29,
  "n_ictal_test": 59,
  "cv_scores": [
    0.9283,
    0.8723,
    0.859,
    0.8777,
    0.8989
  ],
  "cv_mean": 0.8872,
  "cv_std": 0.0242,
  "train_loss_history": [
    0.636303,
    0.501755,
    0.467622,
    0.4373,
    0.425037,
    0.410629,
    0.403219,
    0.394044,
    0.38613,
    0.407557,
    0.389396,
    0.371429,
    0.389092,
    0.37711,
    0.373704,
    0.356608,
    0.351031,
    0.347896,
    0.345654,
    0.358197,
    0.337742,
    0.333864,
    0.331936,
    0.329487,
    0.326279,
    0.363924,
    0.345723,
    0.32666,
    0.315107,
    0.312649,
    0.311406,
    0.319923,
    0.305062,
    0.304093,
    0.302586,
    0.298994,
    0.30594,
    0.296064,
    0.310762,
    0.29062,
    0.29929,
    0.292066,
    0.300212,
    0.283527,
    0.279313,
    0.276404,
    0.295971,
    0.282215,
    0.27364,
    0.268677,
    0.279183,
    0.266916,
    0.275374,
    0.260908,
    0.268218,
    0.25636,
    0.268396,
    0.25397,
    0.258095,
    0.258497,
    0.249481,
    0.259517,
    0.25963,
    0.276097,
    0.245775,
    0.244356,
    0.252693,
    0.280239,
    0.245348,
    0.244082,
    0.245558,
    0.235784,
    0.251558,
    0.240316,
    0.237638,
    0.230651,
    0.232141,
    0.227318,
    0.230568,
    0.235837,
    0.226673,
    0.24677,
    0.222877,
    0.224611,
    0.221432,
    0.223701,
    0.218643,
    0.219007,
    0.23204,
    0.216376,
    0.222691,
    0.215653,
    0.214697,
    0.217797,
    0.212137,
    0.228901,
    0.211216,
    0.210539,
    0.207306,
    0.210745,
    0.215986,
    0.215113,
    0.205668,
    0.20442,
    0.204181,
    0.217721,
    0.215355,
    0.205038,
    0.206277,
    0.19956,
    0.20573,
    0.201884,
    0.19728,
    0.208556,
    0.198748,
    0.198374,
    0.203723,
    0.230932,
    0.20079,
    0.193978,
    0.203498,
    0.192479,
    0.199654,
    0.192416,
    0.190355,
    0.193609,
    0.190102,
    0.190019,
    0.201501,
    0.190735,
    0.187963,
    0.187411,
    0.186655,
    0.200603,
    0.187481,
    0.193414,
    0.19144,
    0.186241,
    0.183865,
    0.184339,
    0.183129,
    0.185199,
    0.186819,
    0.185882,
    0.187408,
    0.182669,
    0.190789,
    0.190584,
    0.18343,
    0.186643,
    0.182053,
    0.183534,
    0.179241,
    0.178582,
    0.177411,
    0.177313,
    0.182209,
    0.192941,
    0.177401,
    0.176458,
    0.175107,
    0.204399,
    0.190711,
    0.177785,
    0.174393,
    0.185707,
    0.173631,
    0.176232,
    0.173936,
    0.179368,
    0.175818,
    0.172489,
    0.175074,
    0.175596,
    0.215664,
    0.177181,
    0.172442,
    0.179817,
    0.175202,
    0.175912,
    0.170773,
    0.173727,
    0.169605,
    0.169033,
    0.168431,
    0.171864,
    0.176773,
    0.170461,
    0.189465,
    0.169979,
    0.170101,
    0.188581,
    0.170943,
    0.168559,
    0.165994,
    0.16567,
    0.170833,
    0.168243,
    0.166132,
    0.167728,
    0.165445,
    0.165952,
    0.179019,
    0.167119,
    0.164275,
    0.176884,
    0.169642,
    0.168511,
    0.166375,
    0.165042,
    0.163895,
    0.172259,
    0.17015,
    0.163714,
    0.162986
  ],
  "val_loss_history": [
    0.559284,
    0.513037,
    0.494736,
    0.481885,
    0.472408,
    0.465203,
    0.457919,
    0.452192,
    0.447426,
    0.444566,
    0.441937,
    0.438939,
    0.434478,
    0.431369,
    0.428973,
    0.426449,
    0.424166,
    0.42019,
    0.417664,
    0.414994,
    0.412538,
    0.40892,
    0.405606,
    0.405146,
    0.400763,
    0.39857,
    0.393046,
    0.392102,
    0.392608,
    0.389012,
    0.387539,
    0.385812,
    0.382778,
    0.381873,
    0.378445,
    0.376215,
    0.373686,
    0.372085,
    0.370121,
    0.366128,
    0.365662,
    0.364406,
    0.361787,
    0.358908,
    0.357936,
    0.35843,
    0.356415,
    0.351717,
    0.351735,
    0.35082,
    0.34933,
    0.347902,
    0.347465,
    0.344963,
    0.344848,
    0.343354,
    0.341675,
    0.338295,
    0.33751,
    0.3359,
    0.335032,
    0.333452,
    0.334248,
    0.326883,
    0.333328,
    0.330883,
    0.327526,
    0.330602,
    0.329851,
    0.326687,
    0.323918,
    0.325471,
    0.320363,
    0.31992,
    0.317473,
    0.320811,
    0.316812,
    0.318137,
    0.31459,
    0.312831,
    0.314272,
    0.313146,
    0.309592,
    0.309791,
    0.311127,
    0.309464,
    0.306521,
    0.309141,
    0.306948,
    0.305806,
    0.303961,
    0.307389,
    0.303526,
    0.303778,
    0.303408,
    0.301357,
    0.29929,
    0.297804,
    0.298847,
    0.297196,
    0.299239,
    0.299527,
    0.297125,
    0.295836,
    0.297616,
    0.295456,
    0.29379,
    0.292637,
    0.294413,
    0.292569,
    0.291963,
    0.294009,
    0.290948,
    0.288943,
    0.288818,
    0.289386,
    0.290255,
    0.288576,
    0.288627,
    0.287267,
    0.286927,
    0.284399,
    0.285881,
    0.286128,
    0.285027,
    0.283891,
    0.281522,
    0.281576,
    0.280448,
    0.280591,
    0.280817,
    0.279783,
    0.281623,
    0.278053,
    0.275575,
    0.276785,
    0.278781,
    0.281545,
    0.278005,
    0.278316,
    0.278319,
    0.278075,
    0.278416,
    0.280129,
    0.275646,
    0.278519,
    0.279208,
    0.278653,
    0.277553,
    0.278519,
    0.276316,
    0.272712,
    0.272437,
    0.273383,
    0.275757,
    0.272898,
    0.276248,
    0.270327,
    0.267766,
    0.271495,
    0.267802,
    0.271139,
    0.26344,
    0.274118,
    0.275665,
    0.271605,
    0.271285,
    0.270969,
    0.2694,
    0.270566,
    0.271045,
    0.271261,
    0.270881,
    0.26809,
    0.265642,
    0.258742,
    0.263388,
    0.26466,
    0.26686,
    0.262349,
    0.266622,
    0.264147,
    0.25797,
    0.260228,
    0.264674,
    0.263042,
    0.265688,
    0.270924,
    0.266952,
    0.252604,
    0.25328,
    0.254856,
    0.259278,
    0.259067,
    0.260148,
    0.259362,
    0.259153,
    0.26349,
    0.266228,
    0.263414,
    0.265871,
    0.261797,
    0.262444,
    0.265722,
    0.262951,
    0.261657,
    0.268186,
    0.260575,
    0.263801,
    0.262473,
    0.260997,
    0.259764,
    0.258571,
    0.253625,
    0.258374
  ],
  "best_val_loss": 0.252604,
  "stopped_epoch": 215,
  "test_bAcc": 0.8601,
  "sensitivity": 0.7458,
  "specificity": 0.9745
}