{
  "patient": "chb20",
  "model": "SPDNet_v2",
  "device": "cuda",
  "model_params": {
    "n_channels": 21,
    "n_classes": 2,
    "subspacedim": 8,
    "reference": "spd_learn SPDNet \u2014 Huang & Van Gool (AAAI 2017), input_type=raw, subspacedim=8"
  },
  "train_params": {
    "optimizer": "Adam",
    "lr": 0.001,
    "weight_decay": 0.0,
    "loss": "CrossEntropyLoss",
    "epochs": 500,
    "patience": 30,
    "batch_size": 32,
    "train_split": 0.8,
    "val_split_final": 0.9,
    "cv_folds": 5,
    "cv_strategy": "StratifiedKFold",
    "scoring": "balanced_accuracy",
    "seed": 42
  },
  "n_params": 242,
  "n_train": 1058,
  "n_val": 118,
  "n_test": 294,
  "n_ictal_train": 206,
  "n_ictal_val": 29,
  "n_ictal_test": 59,
  "cv_scores": [
    0.9309,
    0.8777,
    0.9122,
    0.9628,
    0.9176
  ],
  "cv_mean": 0.9202,
  "cv_std": 0.0276,
  "train_loss_history": [
    0.599409,
    0.397791,
    0.340118,
    0.328499,
    0.298107,
    0.293481,
    0.266234,
    0.281884,
    0.243003,
    0.236741,
    0.228569,
    0.217883,
    0.21707,
    0.230063,
    0.199053,
    0.193839,
    0.187406,
    0.18162,
    0.177287,
    0.172484,
    0.167206,
    0.170599,
    0.159818,
    0.157889,
    0.154306,
    0.154642,
    0.147209,
    0.155261,
    0.139357,
    0.138548,
    0.133747,
    0.129994,
    0.12771,
    0.12489,
    0.123338,
    0.120637,
    0.119449,
    0.116357,
    0.11741,
    0.1154,
    0.120478,
    0.109084,
    0.111771,
    0.105711,
    0.10636,
    0.103909,
    0.102427,
    0.109088,
    0.099931,
    0.099522,
    0.096157,
    0.095001,
    0.092785,
    0.091725,
    0.098217,
    0.089799,
    0.089501,
    0.090541,
    0.098347,
    0.086903,
    0.085491,
    0.094429,
    0.088014,
    0.082323,
    0.081245,
    0.079862,
    0.087323,
    0.082204,
    0.080995,
    0.076955,
    0.081944,
    0.077603,
    0.076028,
    0.074172,
    0.080856,
    0.074173,
    0.074173,
    0.071191,
    0.071013,
    0.069961,
    0.071366,
    0.068569,
    0.071111,
    0.068433,
    0.06817,
    0.065754,
    0.065255,
    0.064706,
    0.064043,
    0.063758,
    0.063676,
    0.064578,
    0.06258,
    0.061846,
    0.061068,
    0.063279,
    0.060628,
    0.060641,
    0.059999,
    0.072932,
    0.065283,
    0.059064
  ],
  "val_loss_history": [
    0.474086,
    0.425326,
    0.406518,
    0.389399,
    0.368761,
    0.352479,
    0.337919,
    0.325878,
    0.313682,
    0.306103,
    0.299577,
    0.293026,
    0.286081,
    0.282679,
    0.27593,
    0.273126,
    0.268596,
    0.264994,
    0.26124,
    0.258342,
    0.256494,
    0.253405,
    0.25115,
    0.249605,
    0.248643,
    0.249591,
    0.246375,
    0.246734,
    0.245196,
    0.241854,
    0.241064,
    0.239346,
    0.239014,
    0.237905,
    0.23712,
    0.236153,
    0.235807,
    0.236494,
    0.235953,
    0.234633,
    0.232906,
    0.23178,
    0.230619,
    0.230174,
    0.229717,
    0.227742,
    0.227462,
    0.227198,
    0.229134,
    0.228203,
    0.227466,
    0.226022,
    0.227324,
    0.22636,
    0.225477,
    0.223878,
    0.223063,
    0.223998,
    0.223747,
    0.223179,
    0.222708,
    0.225073,
    0.228085,
    0.229793,
    0.227714,
    0.225926,
    0.224255,
    0.223743,
    0.221546,
    0.220081,
    0.219878,
    0.215428,
    0.217285,
    0.218071,
    0.219556,
    0.216174,
    0.21607,
    0.216825,
    0.217626,
    0.217545,
    0.216825,
    0.218305,
    0.219129,
    0.219796,
    0.218646,
    0.219356,
    0.219084,
    0.218872,
    0.217195,
    0.217446,
    0.220989,
    0.219356,
    0.218697,
    0.21952,
    0.218221,
    0.219188,
    0.21595,
    0.219974,
    0.218962,
    0.220566,
    0.223874,
    0.220719
  ],
  "best_val_loss": 0.215428,
  "stopped_epoch": 102,
  "test_bAcc": 0.8961,
  "sensitivity": 0.8136,
  "specificity": 0.9787
}