{
  "patient": "chb21",
  "model": "SPDNet_v2",
  "device": "cuda",
  "model_params": {
    "n_channels": 21,
    "n_classes": 2,
    "subspacedim": 8,
    "reference": "spd_learn SPDNet \u2014 Huang & Van Gool (AAAI 2017), input_type=raw, subspacedim=8"
  },
  "train_params": {
    "optimizer": "Adam",
    "lr": 0.001,
    "weight_decay": 0.0,
    "loss": "CrossEntropyLoss",
    "epochs": 500,
    "patience": 30,
    "batch_size": 32,
    "train_split": 0.8,
    "val_split_final": 0.9,
    "cv_folds": 5,
    "cv_strategy": "StratifiedKFold",
    "scoring": "balanced_accuracy",
    "seed": 42
  },
  "n_params": 242,
  "n_train": 381,
  "n_val": 43,
  "n_test": 106,
  "n_ictal_train": 73,
  "n_ictal_val": 12,
  "n_ictal_test": 21,
  "cv_scores": [
    0.8235,
    0.9338,
    0.8971,
    0.875,
    0.9851
  ],
  "cv_mean": 0.9029,
  "cv_std": 0.0545,
  "train_loss_history": [
    0.777635,
    0.578786,
    0.487451,
    0.446697,
    0.425094,
    0.41225,
    0.401666,
    0.390018,
    0.380225,
    0.371684,
    0.362072,
    0.354334,
    0.346008,
    0.338533,
    0.33073,
    0.324283,
    0.3171,
    0.311056,
    0.304683,
    0.297563,
    0.292259,
    0.285897,
    0.280123,
    0.274251,
    0.268717,
    0.262846,
    0.256512,
    0.252755,
    0.246899,
    0.241011,
    0.236854,
    0.230762,
    0.226435,
    0.222384,
    0.218251,
    0.213482,
    0.209922,
    0.204981,
    0.200805,
    0.197136,
    0.193448,
    0.189804,
    0.186133,
    0.182354,
    0.179227,
    0.175889,
    0.173071,
    0.170262,
    0.16765,
    0.1643,
    0.161377,
    0.159031,
    0.156353,
    0.153519,
    0.150975,
    0.148587,
    0.147023,
    0.144478,
    0.14226,
    0.140621,
    0.137684,
    0.136125,
    0.133985,
    0.132171,
    0.129942,
    0.128477,
    0.126549,
    0.124464,
    0.122665,
    0.121291,
    0.119399,
    0.119228,
    0.116618,
    0.116647,
    0.114296,
    0.112626,
    0.110677,
    0.108883,
    0.108233,
    0.105989,
    0.104973,
    0.103552,
    0.102998,
    0.101074,
    0.099388,
    0.099235,
    0.09764,
    0.097191,
    0.095554,
    0.094341,
    0.093138,
    0.092179,
    0.090655,
    0.090694,
    0.089589,
    0.08833,
    0.087007,
    0.086312,
    0.085155,
    0.08426,
    0.083127,
    0.082779,
    0.081743,
    0.080664,
    0.080529,
    0.078446,
    0.077885,
    0.077166,
    0.077347,
    0.075816,
    0.075673,
    0.074966,
    0.07343,
    0.072427,
    0.072206,
    0.071589,
    0.070827,
    0.069972,
    0.06902,
    0.068624,
    0.068331,
    0.067268,
    0.0665,
    0.06615,
    0.065362,
    0.064708,
    0.06427,
    0.063653,
    0.062927,
    0.062042,
    0.06131,
    0.060907,
    0.060632,
    0.059959,
    0.059878,
    0.058822,
    0.05831,
    0.058042,
    0.057364,
    0.056769,
    0.056326,
    0.055615,
    0.055246,
    0.05478,
    0.054441,
    0.05403,
    0.053387,
    0.053064,
    0.052669,
    0.051958,
    0.051919,
    0.051663,
    0.050937,
    0.050098,
    0.049813,
    0.049409,
    0.048848,
    0.048902,
    0.048161,
    0.047828,
    0.047209,
    0.046871,
    0.046763,
    0.04608,
    0.045607,
    0.045731,
    0.045204,
    0.044483,
    0.044487,
    0.043761,
    0.043395,
    0.043337,
    0.042757,
    0.043191,
    0.042282,
    0.04198,
    0.041683,
    0.041162,
    0.041133,
    0.040567,
    0.040558,
    0.040302,
    0.039503,
    0.039321,
    0.039119,
    0.038409,
    0.038477,
    0.037933,
    0.038066,
    0.037667,
    0.036963,
    0.036735,
    0.036658,
    0.03619,
    0.036218,
    0.035731,
    0.035369,
    0.035024,
    0.034843,
    0.034456,
    0.034544,
    0.034034,
    0.033843,
    0.033445,
    0.033674,
    0.033093,
    0.033321,
    0.03267,
    0.032282,
    0.032264,
    0.0318,
    0.031481,
    0.031491,
    0.03105,
    0.031024,
    0.030603,
    0.030572,
    0.030464,
    0.029907,
    0.029769,
    0.029902,
    0.029256,
    0.029141,
    0.030359,
    0.030423,
    0.029468,
    0.028365,
    0.028302,
    0.027942,
    0.028556,
    0.027669,
    0.027241,
    0.027022,
    0.026708,
    0.026726,
    0.026548,
    0.026921,
    0.026402,
    0.026414,
    0.025736,
    0.025623,
    0.02546,
    0.025435,
    0.024956,
    0.024882,
    0.024694,
    0.024701,
    0.024305,
    0.024183,
    0.024029,
    0.023881,
    0.023681,
    0.023777,
    0.023541,
    0.023172,
    0.023052,
    0.022752,
    0.02264,
    0.022751,
    0.022361,
    0.022262,
    0.022012,
    0.022,
    0.021851,
    0.021575,
    0.021613,
    0.021375,
    0.021125,
    0.020999,
    0.020774,
    0.020929,
    0.021293,
    0.020883,
    0.020569,
    0.020293,
    0.019963,
    0.020075,
    0.019672,
    0.019691,
    0.019613,
    0.019362,
    0.019413,
    0.019376,
    0.019021,
    0.019007,
    0.018921,
    0.018564,
    0.018675,
    0.018541,
    0.018251,
    0.018137,
    0.017956,
    0.018087,
    0.017724,
    0.017649,
    0.017731,
    0.017399,
    0.017299,
    0.017265,
    0.017394,
    0.01694,
    0.016996,
    0.016788,
    0.016746,
    0.016626,
    0.016434,
    0.016367,
    0.01633,
    0.016194,
    0.016181,
    0.016195,
    0.015752,
    0.016169,
    0.015572,
    0.01576,
    0.015404,
    0.015386,
    0.015259,
    0.015218,
    0.015152,
    0.014955,
    0.014914,
    0.014716,
    0.014647,
    0.014582,
    0.014779,
    0.014697,
    0.014397,
    0.014309,
    0.014142,
    0.014051,
    0.013979,
    0.014125,
    0.013829,
    0.013681,
    0.013569,
    0.013657,
    0.013734,
    0.013382,
    0.013214,
    0.013184,
    0.013212,
    0.013042,
    0.01296,
    0.012844,
    0.012807,
    0.012768,
    0.012644,
    0.012598,
    0.012611,
    0.012588,
    0.012393,
    0.012372,
    0.012182,
    0.012095,
    0.012199,
    0.011941,
    0.011944,
    0.011892,
    0.011822,
    0.011834,
    0.011612,
    0.011616,
    0.01157,
    0.011695,
    0.01147,
    0.011442,
    0.011303,
    0.011357,
    0.011473,
    0.010994,
    0.010971,
    0.011223,
    0.010825,
    0.010931,
    0.010661,
    0.01066,
    0.010575,
    0.010556,
    0.010387,
    0.010433,
    0.010304,
    0.010338,
    0.010213,
    0.010164,
    0.010012,
    0.010083
  ],